OperatingPoint,measurementType,sysType,jetFlavor,etaMin,etaMax,ptMin,ptMax,discrMin,discrMax,formula
L,used,central,0,0.0,2.5,20,1000,0,1,1.33091+6.62324e-05*x+-1.19411e-07*x*x+-1.84379/x 
L,used,down,0,0.0,2.5,20,1000,0,1,(1.33091+6.62324e-05*x+-1.19411e-07*x*x+-1.84379/x)*(1-(0.0490522+6.44195e-05*x+-9.47618e-08*x*x)) 
L,used,down_correlated,0,0.0,2.5,20,1000,0,1,(1.33091+6.62324e-05*x+-1.19411e-07*x*x+-1.84379/x)*(1-(0.0454285+6.90715e-05*x+-1.01414e-07*x*x)) 
L,used,down_uncorrelated,0,0.0,2.5,20,1000,0,1,(1.33091+6.62324e-05*x+-1.19411e-07*x*x+-1.84379/x)*(1-(0.0182876)) 
L,used,up,0,0.0,2.5,20,1000,0,1,(1.33091+6.62324e-05*x+-1.19411e-07*x*x+-1.84379/x)*(1+(0.0490522+6.44195e-05*x+-9.47618e-08*x*x)) 
L,used,up_correlated,0,0.0,2.5,20,1000,0,1,(1.33091+6.62324e-05*x+-1.19411e-07*x*x+-1.84379/x)*(1+(0.0454285+6.90715e-05*x+-1.01414e-07*x*x)) 
L,used,up_uncorrelated,0,0.0,2.5,20,1000,0,1,(1.33091+6.62324e-05*x+-1.19411e-07*x*x+-1.84379/x)*(1+(0.0182876)) 
M,used,central,0,0.0,2.5,20,1000,0,1,1.33806+0.000233452*x+9.35591e-09*x*x+2.43996/x 
M,used,down,0,0.0,2.5,20,1000,0,1,(1.33806+0.000233452*x+9.35591e-09*x*x+2.43996/x)*(1-(0.118505+0.000202743*x+-2.64228e-07*x*x)) 
M,used,down_correlated,0,0.0,2.5,20,1000,0,1,(1.33806+0.000233452*x+9.35591e-09*x*x+2.43996/x)*(1-(0.110898+0.000211159*x+-2.76621e-07*x*x)) 
M,used,down_uncorrelated,0,0.0,2.5,20,1000,0,1,(1.33806+0.000233452*x+9.35591e-09*x*x+2.43996/x)*(1-(0.0435201)) 
M,used,up,0,0.0,2.5,20,1000,0,1,(1.33806+0.000233452*x+9.35591e-09*x*x+2.43996/x)*(1+(0.118505+0.000202743*x+-2.64228e-07*x*x)) 
M,used,up_correlated,0,0.0,2.5,20,1000,0,1,(1.33806+0.000233452*x+9.35591e-09*x*x+2.43996/x)*(1+(0.110898+0.000211159*x+-2.76621e-07*x*x)) 
M,used,up_uncorrelated,0,0.0,2.5,20,1000,0,1,(1.33806+0.000233452*x+9.35591e-09*x*x+2.43996/x)*(1+(0.0435201)) 
T,used,central,0,0.0,2.5,20,1000,0,1,"1.41865+92.0563/(pow(x,1.5))+-9.85825/x "
T,used,down,0,0.0,2.5,20,1000,0,1,"(1.41865+92.0563/(pow(x,1.5))+-9.85825/x)*(1-(0.213944+0.000187249*x+-2.3611e-07*x*x)) "
T,used,down_correlated,0,0.0,2.5,20,1000,0,1,"(1.41865+92.0563/(pow(x,1.5))+-9.85825/x)*(1-(0.196719+0.000197379*x+-2.54895e-07*x*x)) "
T,used,down_uncorrelated,0,0.0,2.5,20,1000,0,1,"(1.41865+92.0563/(pow(x,1.5))+-9.85825/x)*(1-(0.0888358)) "
T,used,up,0,0.0,2.5,20,1000,0,1,"(1.41865+92.0563/(pow(x,1.5))+-9.85825/x)*(1+(0.213944+0.000187249*x+-2.3611e-07*x*x)) "
T,used,up_correlated,0,0.0,2.5,20,1000,0,1,"(1.41865+92.0563/(pow(x,1.5))+-9.85825/x)*(1+(0.196719+0.000197379*x+-2.54895e-07*x*x)) "
T,used,up_uncorrelated,0,0.0,2.5,20,1000,0,1,"(1.41865+92.0563/(pow(x,1.5))+-9.85825/x)*(1+(0.0888358)) "
M,used,central,4,0.0,2.5,20,1000,0,1,1.01856*(1.+0.0027992*x)/(1.+0.00312776*x) 
M,used,central,5,0.0,2.5,20,1000,0,1,1.01856*(1.+0.0027992*x)/(1.+0.00312776*x) 
M,used,down,4,0.0,2.5,20,30,0,1,1.01856*(1.+0.0027992*x)/(1.+0.00312776*x)-0.078775376081466675 
M,used,down,4,0.0,2.5,30,50,0,1,1.01856*(1.+0.0027992*x)/(1.+0.00312776*x)-0.040814358741044998 
M,used,down,4,0.0,2.5,50,70,0,1,1.01856*(1.+0.0027992*x)/(1.+0.00312776*x)-0.044891469180583954 
M,used,down,4,0.0,2.5,70,100,0,1,1.01856*(1.+0.0027992*x)/(1.+0.00312776*x)-0.06015034019947052 
M,used,down,4,0.0,2.5,100,140,0,1,1.01856*(1.+0.0027992*x)/(1.+0.00312776*x)-0.10429151356220245 
M,used,down,4,0.0,2.5,140,200,0,1,1.01856*(1.+0.0027992*x)/(1.+0.00312776*x)-0.19067385792732239 
M,used,down,4,0.0,2.5,200,300,0,1,1.01856*(1.+0.0027992*x)/(1.+0.00312776*x)-0.11202059686183929 
M,used,down,4,0.0,2.5,300,600,0,1,1.01856*(1.+0.0027992*x)/(1.+0.00312776*x)-0.18224860727787018 
M,used,down,4,0.0,2.5,600,1000,0,1,1.01856*(1.+0.0027992*x)/(1.+0.00312776*x)-0.35118171572685242 
M,used,down,5,0.0,2.5,20,30,0,1,1.01856*(1.+0.0027992*x)/(1.+0.00312776*x)-0.026258459314703941 
M,used,down,5,0.0,2.5,30,50,0,1,1.01856*(1.+0.0027992*x)/(1.+0.00312776*x)-0.013604786247014999 
M,used,down,5,0.0,2.5,50,70,0,1,1.01856*(1.+0.0027992*x)/(1.+0.00312776*x)-0.014963822439312935 
M,used,down,5,0.0,2.5,70,100,0,1,1.01856*(1.+0.0027992*x)/(1.+0.00312776*x)-0.020050114020705223 
M,used,down,5,0.0,2.5,100,140,0,1,1.01856*(1.+0.0027992*x)/(1.+0.00312776*x)-0.034763839095830917 
M,used,down,5,0.0,2.5,140,200,0,1,1.01856*(1.+0.0027992*x)/(1.+0.00312776*x)-0.063557952642440796 
M,used,down,5,0.0,2.5,200,300,0,1,1.01856*(1.+0.0027992*x)/(1.+0.00312776*x)-0.037340197712182999 
M,used,down,5,0.0,2.5,300,600,0,1,1.01856*(1.+0.0027992*x)/(1.+0.00312776*x)-0.060749534517526627 
M,used,down,5,0.0,2.5,600,1000,0,1,1.01856*(1.+0.0027992*x)/(1.+0.00312776*x)-0.11706057190895081 
M,used,down_bfragmentation,4,0.0,2.5,20,30,0,1,1.01856*(1.+0.0027992*x)/(1.+0.00312776*x)- -0.029216397553682327 
M,used,down_bfragmentation,4,0.0,2.5,30,50,0,1,1.01856*(1.+0.0027992*x)/(1.+0.00312776*x)- -0.010622045025229454 
M,used,down_bfragmentation,4,0.0,2.5,50,70,0,1,1.01856*(1.+0.0027992*x)/(1.+0.00312776*x)- -0.016512934118509293 
M,used,down_bfragmentation,4,0.0,2.5,70,100,0,1,1.01856*(1.+0.0027992*x)/(1.+0.00312776*x)- -0.018255084753036499 
M,used,down_bfragmentation,4,0.0,2.5,100,140,0,1,1.01856*(1.+0.0027992*x)/(1.+0.00312776*x)- -0.012110109440982342 
M,used,down_bfragmentation,4,0.0,2.5,140,200,0,1,1.01856*(1.+0.0027992*x)/(1.+0.00312776*x)-0.00083235581405460835 
M,used,down_bfragmentation,4,0.0,2.5,200,300,0,1,1.01856*(1.+0.0027992*x)/(1.+0.00312776*x)-0.016203928738832474 
M,used,down_bfragmentation,4,0.0,2.5,300,600,0,1,1.01856*(1.+0.0027992*x)/(1.+0.00312776*x)- -0.0019641134422272444 
M,used,down_bfragmentation,4,0.0,2.5,600,1000,0,1,1.01856*(1.+0.0027992*x)/(1.+0.00312776*x)- -0.095953904092311859 
M,used,down_bfragmentation,5,0.0,2.5,20,30,0,1,1.01856*(1.+0.0027992*x)/(1.+0.00312776*x)- -0.0097387991845607758 
M,used,down_bfragmentation,5,0.0,2.5,30,50,0,1,1.01856*(1.+0.0027992*x)/(1.+0.00312776*x)- -0.0035406816750764847 
M,used,down_bfragmentation,5,0.0,2.5,50,70,0,1,1.01856*(1.+0.0027992*x)/(1.+0.00312776*x)- -0.00550431152805686 
M,used,down_bfragmentation,5,0.0,2.5,70,100,0,1,1.01856*(1.+0.0027992*x)/(1.+0.00312776*x)- -0.0060850284062325954 
M,used,down_bfragmentation,5,0.0,2.5,100,140,0,1,1.01856*(1.+0.0027992*x)/(1.+0.00312776*x)- -0.0040367031469941139 
M,used,down_bfragmentation,5,0.0,2.5,140,200,0,1,1.01856*(1.+0.0027992*x)/(1.+0.00312776*x)-0.00027745193801820278 
M,used,down_bfragmentation,5,0.0,2.5,200,300,0,1,1.01856*(1.+0.0027992*x)/(1.+0.00312776*x)-0.0054013095796108246 
M,used,down_bfragmentation,5,0.0,2.5,300,600,0,1,1.01856*(1.+0.0027992*x)/(1.+0.00312776*x)- -0.00065470446133986115 
M,used,down_bfragmentation,5,0.0,2.5,600,1000,0,1,1.01856*(1.+0.0027992*x)/(1.+0.00312776*x)- -0.031984634697437286 
M,used,down_btempcorr,4,0.0,2.5,20,30,0,1,1.01856*(1.+0.0027992*x)/(1.+0.00312776*x)-0.0067372061312198639 
M,used,down_btempcorr,4,0.0,2.5,30,50,0,1,1.01856*(1.+0.0027992*x)/(1.+0.00312776*x)-0.013058625161647797 
M,used,down_btempcorr,4,0.0,2.5,50,70,0,1,1.01856*(1.+0.0027992*x)/(1.+0.00312776*x)-0.015909653156995773 
M,used,down_btempcorr,4,0.0,2.5,70,100,0,1,1.01856*(1.+0.0027992*x)/(1.+0.00312776*x)-0.016817042604088783 
M,used,down_btempcorr,4,0.0,2.5,100,140,0,1,1.01856*(1.+0.0027992*x)/(1.+0.00312776*x)-0.022055188193917274 
M,used,down_btempcorr,4,0.0,2.5,140,200,0,1,1.01856*(1.+0.0027992*x)/(1.+0.00312776*x)-0.068640641868114471 
M,used,down_btempcorr,4,0.0,2.5,200,300,0,1,1.01856*(1.+0.0027992*x)/(1.+0.00312776*x)-0.015489308163523674 
M,used,down_btempcorr,4,0.0,2.5,300,600,0,1,1.01856*(1.+0.0027992*x)/(1.+0.00312776*x)-0.014888692647218704 
M,used,down_btempcorr,4,0.0,2.5,600,1000,0,1,1.01856*(1.+0.0027992*x)/(1.+0.00312776*x)-0.097904980182647705 
M,used,down_btempcorr,5,0.0,2.5,20,30,0,1,1.01856*(1.+0.0027992*x)/(1.+0.00312776*x)-0.002245735377073288 
M,used,down_btempcorr,5,0.0,2.5,30,50,0,1,1.01856*(1.+0.0027992*x)/(1.+0.00312776*x)-0.0043528750538825989 
M,used,down_btempcorr,5,0.0,2.5,50,70,0,1,1.01856*(1.+0.0027992*x)/(1.+0.00312776*x)-0.005303217563778162 
M,used,down_btempcorr,5,0.0,2.5,70,100,0,1,1.01856*(1.+0.0027992*x)/(1.+0.00312776*x)-0.0056056808680295944 
M,used,down_btempcorr,5,0.0,2.5,100,140,0,1,1.01856*(1.+0.0027992*x)/(1.+0.00312776*x)-0.0073517295531928539 
M,used,down_btempcorr,5,0.0,2.5,140,200,0,1,1.01856*(1.+0.0027992*x)/(1.+0.00312776*x)-0.022880213335156441 
M,used,down_btempcorr,5,0.0,2.5,200,300,0,1,1.01856*(1.+0.0027992*x)/(1.+0.00312776*x)-0.0051631028763949871 
M,used,down_btempcorr,5,0.0,2.5,300,600,0,1,1.01856*(1.+0.0027992*x)/(1.+0.00312776*x)-0.0049628973938524723 
M,used,down_btempcorr,5,0.0,2.5,600,1000,0,1,1.01856*(1.+0.0027992*x)/(1.+0.00312776*x)-0.032634992152452469 
M,used,down_cb,4,0.0,2.5,20,30,0,1,1.01856*(1.+0.0027992*x)/(1.+0.00312776*x)-0.0003320584655739367 
M,used,down_cb,4,0.0,2.5,30,50,0,1,1.01856*(1.+0.0027992*x)/(1.+0.00312776*x)-7.6548800279852003e-05 
M,used,down_cb,4,0.0,2.5,50,70,0,1,1.01856*(1.+0.0027992*x)/(1.+0.00312776*x)- -2.3433567548636347e-05 
M,used,down_cb,4,0.0,2.5,70,100,0,1,1.01856*(1.+0.0027992*x)/(1.+0.00312776*x)- -0.00011265216744504869 
M,used,down_cb,4,0.0,2.5,100,140,0,1,1.01856*(1.+0.0027992*x)/(1.+0.00312776*x)-9.0293193352408707e-05 
M,used,down_cb,4,0.0,2.5,140,200,0,1,1.01856*(1.+0.0027992*x)/(1.+0.00312776*x)-0.00015050022921059281 
M,used,down_cb,4,0.0,2.5,200,300,0,1,1.01856*(1.+0.0027992*x)/(1.+0.00312776*x)- -0.00038921166560612619 
M,used,down_cb,4,0.0,2.5,300,600,0,1,1.01856*(1.+0.0027992*x)/(1.+0.00312776*x)- -0.00093305925838649273 
M,used,down_cb,4,0.0,2.5,600,1000,0,1,1.01856*(1.+0.0027992*x)/(1.+0.00312776*x)-0.00042468754691071808 
M,used,down_cb,5,0.0,2.5,20,30,0,1,1.01856*(1.+0.0027992*x)/(1.+0.00312776*x)-0.00011068616004195064 
M,used,down_cb,5,0.0,2.5,30,50,0,1,1.01856*(1.+0.0027992*x)/(1.+0.00312776*x)-2.5516266759950668e-05 
M,used,down_cb,5,0.0,2.5,50,70,0,1,1.01856*(1.+0.0027992*x)/(1.+0.00312776*x)- -7.8111888797138818e-06 
M,used,down_cb,5,0.0,2.5,70,100,0,1,1.01856*(1.+0.0027992*x)/(1.+0.00312776*x)- -3.7550722481682897e-05 
M,used,down_cb,5,0.0,2.5,100,140,0,1,1.01856*(1.+0.0027992*x)/(1.+0.00312776*x)-3.0097729904809967e-05 
M,used,down_cb,5,0.0,2.5,140,200,0,1,1.01856*(1.+0.0027992*x)/(1.+0.00312776*x)-5.0166741857538e-05 
M,used,down_cb,5,0.0,2.5,200,300,0,1,1.01856*(1.+0.0027992*x)/(1.+0.00312776*x)- -0.00012973722186870873 
M,used,down_cb,5,0.0,2.5,300,600,0,1,1.01856*(1.+0.0027992*x)/(1.+0.00312776*x)- -0.00031101974309422076 
M,used,down_cb,5,0.0,2.5,600,1000,0,1,1.01856*(1.+0.0027992*x)/(1.+0.00312776*x)-0.00014156251563690603 
M,used,down_cfragmentation,4,0.0,2.5,20,30,0,1,1.01856*(1.+0.0027992*x)/(1.+0.00312776*x)-0.0015472368104383349 
M,used,down_cfragmentation,4,0.0,2.5,30,50,0,1,1.01856*(1.+0.0027992*x)/(1.+0.00312776*x)-0.00067510106600821018 
M,used,down_cfragmentation,4,0.0,2.5,50,70,0,1,1.01856*(1.+0.0027992*x)/(1.+0.00312776*x)-0.00034353218507021666 
M,used,down_cfragmentation,4,0.0,2.5,70,100,0,1,1.01856*(1.+0.0027992*x)/(1.+0.00312776*x)-0.00067558663431555033 
M,used,down_cfragmentation,4,0.0,2.5,100,140,0,1,1.01856*(1.+0.0027992*x)/(1.+0.00312776*x)-0.0017442228272557259 
M,used,down_cfragmentation,4,0.0,2.5,140,200,0,1,1.01856*(1.+0.0027992*x)/(1.+0.00312776*x)-0.0021963012404739857 
M,used,down_cfragmentation,4,0.0,2.5,200,300,0,1,1.01856*(1.+0.0027992*x)/(1.+0.00312776*x)-0.0031157494522631168 
M,used,down_cfragmentation,4,0.0,2.5,300,600,0,1,1.01856*(1.+0.0027992*x)/(1.+0.00312776*x)-0.0049220584332942963 
M,used,down_cfragmentation,4,0.0,2.5,600,1000,0,1,1.01856*(1.+0.0027992*x)/(1.+0.00312776*x)-0.0054530245251953602 
M,used,down_cfragmentation,5,0.0,2.5,20,30,0,1,1.01856*(1.+0.0027992*x)/(1.+0.00312776*x)-0.00051574560347944498 
M,used,down_cfragmentation,5,0.0,2.5,30,50,0,1,1.01856*(1.+0.0027992*x)/(1.+0.00312776*x)-0.00022503368381876498 
M,used,down_cfragmentation,5,0.0,2.5,50,70,0,1,1.01856*(1.+0.0027992*x)/(1.+0.00312776*x)-0.00011451073078205809 
M,used,down_cfragmentation,5,0.0,2.5,70,100,0,1,1.01856*(1.+0.0027992*x)/(1.+0.00312776*x)-0.00022519554477185011 
M,used,down_cfragmentation,5,0.0,2.5,100,140,0,1,1.01856*(1.+0.0027992*x)/(1.+0.00312776*x)-0.00058140762848779559 
M,used,down_cfragmentation,5,0.0,2.5,140,200,0,1,1.01856*(1.+0.0027992*x)/(1.+0.00312776*x)-0.00073210039408877492 
M,used,down_cfragmentation,5,0.0,2.5,200,300,0,1,1.01856*(1.+0.0027992*x)/(1.+0.00312776*x)-0.001038583111949265 
M,used,down_cfragmentation,5,0.0,2.5,300,600,0,1,1.01856*(1.+0.0027992*x)/(1.+0.00312776*x)-0.0016406861832365394 
M,used,down_cfragmentation,5,0.0,2.5,600,1000,0,1,1.01856*(1.+0.0027992*x)/(1.+0.00312776*x)-0.0018176748417317867 
M,used,down_cjets,4,0.0,2.5,20,30,0,1,1.01856*(1.+0.0027992*x)/(1.+0.00312776*x)-0.0013755734544247389 
M,used,down_cjets,4,0.0,2.5,30,50,0,1,1.01856*(1.+0.0027992*x)/(1.+0.00312776*x)-0.0041957958601415157 
M,used,down_cjets,4,0.0,2.5,50,70,0,1,1.01856*(1.+0.0027992*x)/(1.+0.00312776*x)-0.0019205556018278003 
M,used,down_cjets,4,0.0,2.5,70,100,0,1,1.01856*(1.+0.0027992*x)/(1.+0.00312776*x)-0.0016329919453710318 
M,used,down_cjets,4,0.0,2.5,100,140,0,1,1.01856*(1.+0.0027992*x)/(1.+0.00312776*x)-0.0053413971327245235 
M,used,down_cjets,4,0.0,2.5,140,200,0,1,1.01856*(1.+0.0027992*x)/(1.+0.00312776*x)-0.0058969496749341488 
M,used,down_cjets,4,0.0,2.5,200,300,0,1,1.01856*(1.+0.0027992*x)/(1.+0.00312776*x)-0.0021418803371489048 
M,used,down_cjets,4,0.0,2.5,300,600,0,1,1.01856*(1.+0.0027992*x)/(1.+0.00312776*x)-0.0019159032963216305 
M,used,down_cjets,4,0.0,2.5,600,1000,0,1,1.01856*(1.+0.0027992*x)/(1.+0.00312776*x)-0.015477555803954601 
M,used,down_cjets,5,0.0,2.5,20,30,0,1,1.01856*(1.+0.0027992*x)/(1.+0.00312776*x)-0.00045852450421079993 
M,used,down_cjets,5,0.0,2.5,30,50,0,1,1.01856*(1.+0.0027992*x)/(1.+0.00312776*x)-0.0013985986588522792 
M,used,down_cjets,5,0.0,2.5,50,70,0,1,1.01856*(1.+0.0027992*x)/(1.+0.00312776*x)-0.00064018520060926676 
M,used,down_cjets,5,0.0,2.5,70,100,0,1,1.01856*(1.+0.0027992*x)/(1.+0.00312776*x)-0.00054433062905445695 
M,used,down_cjets,5,0.0,2.5,100,140,0,1,1.01856*(1.+0.0027992*x)/(1.+0.00312776*x)-0.0017804657109081745 
M,used,down_cjets,5,0.0,2.5,140,200,0,1,1.01856*(1.+0.0027992*x)/(1.+0.00312776*x)-0.0019656498916447163 
M,used,down_cjets,5,0.0,2.5,200,300,0,1,1.01856*(1.+0.0027992*x)/(1.+0.00312776*x)-0.00071396015118807554 
M,used,down_cjets,5,0.0,2.5,300,600,0,1,1.01856*(1.+0.0027992*x)/(1.+0.00312776*x)-0.00063863443210721016 
M,used,down_cjets,5,0.0,2.5,600,1000,0,1,1.01856*(1.+0.0027992*x)/(1.+0.00312776*x)-0.0051591852679848671 
M,used,down_dmux,4,0.0,2.5,20,30,0,1,1.01856*(1.+0.0027992*x)/(1.+0.00312776*x)-0.00044436316238716245 
M,used,down_dmux,4,0.0,2.5,30,50,0,1,1.01856*(1.+0.0027992*x)/(1.+0.00312776*x)-0.0002085656306007877 
M,used,down_dmux,4,0.0,2.5,50,70,0,1,1.01856*(1.+0.0027992*x)/(1.+0.00312776*x)-0.00020074463100172579 
M,used,down_dmux,4,0.0,2.5,70,100,0,1,1.01856*(1.+0.0027992*x)/(1.+0.00312776*x)-0.00044115405762568116 
M,used,down_dmux,4,0.0,2.5,100,140,0,1,1.01856*(1.+0.0027992*x)/(1.+0.00312776*x)-0.0028690511826425791 
M,used,down_dmux,4,0.0,2.5,140,200,0,1,1.01856*(1.+0.0027992*x)/(1.+0.00312776*x)-0.004801665898412466 
M,used,down_dmux,4,0.0,2.5,200,300,0,1,1.01856*(1.+0.0027992*x)/(1.+0.00312776*x)-0.0028348485939204693 
M,used,down_dmux,4,0.0,2.5,300,600,0,1,1.01856*(1.+0.0027992*x)/(1.+0.00312776*x)-0.0014287278754636645 
M,used,down_dmux,4,0.0,2.5,600,1000,0,1,1.01856*(1.+0.0027992*x)/(1.+0.00312776*x)-0.0013790472876280546 
M,used,down_dmux,5,0.0,2.5,20,30,0,1,1.01856*(1.+0.0027992*x)/(1.+0.00312776*x)-0.00014812104927841574 
M,used,down_dmux,5,0.0,2.5,30,50,0,1,1.01856*(1.+0.0027992*x)/(1.+0.00312776*x)-6.9521876866929233e-05 
M,used,down_dmux,5,0.0,2.5,50,70,0,1,1.01856*(1.+0.0027992*x)/(1.+0.00312776*x)-6.6914879425894469e-05 
M,used,down_dmux,5,0.0,2.5,70,100,0,1,1.01856*(1.+0.0027992*x)/(1.+0.00312776*x)-0.00014705135254189372 
M,used,down_dmux,5,0.0,2.5,100,140,0,1,1.01856*(1.+0.0027992*x)/(1.+0.00312776*x)-0.00095635041361674666 
M,used,down_dmux,5,0.0,2.5,140,200,0,1,1.01856*(1.+0.0027992*x)/(1.+0.00312776*x)-0.0016005552606657147 
M,used,down_dmux,5,0.0,2.5,200,300,0,1,1.01856*(1.+0.0027992*x)/(1.+0.00312776*x)-0.00094494957011193037 
M,used,down_dmux,5,0.0,2.5,300,600,0,1,1.01856*(1.+0.0027992*x)/(1.+0.00312776*x)-0.00047624262515455484 
M,used,down_dmux,5,0.0,2.5,600,1000,0,1,1.01856*(1.+0.0027992*x)/(1.+0.00312776*x)-0.00045968242920935154 
M,used,down_gluonsplitting,4,0.0,2.5,20,30,0,1,1.01856*(1.+0.0027992*x)/(1.+0.00312776*x)-0.0064882626757025719 
M,used,down_gluonsplitting,4,0.0,2.5,30,50,0,1,1.01856*(1.+0.0027992*x)/(1.+0.00312776*x)-0.0030495133250951767 
M,used,down_gluonsplitting,4,0.0,2.5,50,70,0,1,1.01856*(1.+0.0027992*x)/(1.+0.00312776*x)-0.0055044484324753284 
M,used,down_gluonsplitting,4,0.0,2.5,70,100,0,1,1.01856*(1.+0.0027992*x)/(1.+0.00312776*x)-0.0033766902051866055 
M,used,down_gluonsplitting,4,0.0,2.5,100,140,0,1,1.01856*(1.+0.0027992*x)/(1.+0.00312776*x)-0.025224983692169189 
M,used,down_gluonsplitting,4,0.0,2.5,140,200,0,1,1.01856*(1.+0.0027992*x)/(1.+0.00312776*x)-0.044214155524969101 
M,used,down_gluonsplitting,4,0.0,2.5,200,300,0,1,1.01856*(1.+0.0027992*x)/(1.+0.00312776*x)-0.011868152767419815 
M,used,down_gluonsplitting,4,0.0,2.5,300,600,0,1,1.01856*(1.+0.0027992*x)/(1.+0.00312776*x)-0.015179429203271866 
M,used,down_gluonsplitting,4,0.0,2.5,600,1000,0,1,1.01856*(1.+0.0027992*x)/(1.+0.00312776*x)-0.065273106098175049 
M,used,down_gluonsplitting,5,0.0,2.5,20,30,0,1,1.01856*(1.+0.0027992*x)/(1.+0.00312776*x)-0.0021627543028444052 
M,used,down_gluonsplitting,5,0.0,2.5,30,50,0,1,1.01856*(1.+0.0027992*x)/(1.+0.00312776*x)-0.0010165044805034995 
M,used,down_gluonsplitting,5,0.0,2.5,50,70,0,1,1.01856*(1.+0.0027992*x)/(1.+0.00312776*x)-0.0018348161829635501 
M,used,down_gluonsplitting,5,0.0,2.5,70,100,0,1,1.01856*(1.+0.0027992*x)/(1.+0.00312776*x)-0.0011255634017288685 
M,used,down_gluonsplitting,5,0.0,2.5,100,140,0,1,1.01856*(1.+0.0027992*x)/(1.+0.00312776*x)-0.0084083275869488716 
M,used,down_gluonsplitting,5,0.0,2.5,140,200,0,1,1.01856*(1.+0.0027992*x)/(1.+0.00312776*x)-0.014738052152097225 
M,used,down_gluonsplitting,5,0.0,2.5,200,300,0,1,1.01856*(1.+0.0027992*x)/(1.+0.00312776*x)-0.0039560510776937008 
M,used,down_gluonsplitting,5,0.0,2.5,300,600,0,1,1.01856*(1.+0.0027992*x)/(1.+0.00312776*x)-0.0050598098896443844 
M,used,down_gluonsplitting,5,0.0,2.5,600,1000,0,1,1.01856*(1.+0.0027992*x)/(1.+0.00312776*x)-0.021757703274488449 
M,used,down_jes,4,0.0,2.5,20,30,0,1,1.01856*(1.+0.0027992*x)/(1.+0.00312776*x)-0.016795046627521515 
M,used,down_jes,4,0.0,2.5,30,50,0,1,1.01856*(1.+0.0027992*x)/(1.+0.00312776*x)-0.0001889390405267477 
M,used,down_jes,4,0.0,2.5,50,70,0,1,1.01856*(1.+0.0027992*x)/(1.+0.00312776*x)-0.0012447512708604336 
M,used,down_jes,4,0.0,2.5,70,100,0,1,1.01856*(1.+0.0027992*x)/(1.+0.00312776*x)-0.0045854528434574604 
M,used,down_jes,4,0.0,2.5,100,140,0,1,1.01856*(1.+0.0027992*x)/(1.+0.00312776*x)-0.0084315007552504539 
M,used,down_jes,4,0.0,2.5,140,200,0,1,1.01856*(1.+0.0027992*x)/(1.+0.00312776*x)-0.0064145643264055252 
M,used,down_jes,4,0.0,2.5,200,300,0,1,1.01856*(1.+0.0027992*x)/(1.+0.00312776*x)-0.0018878529081121087 
M,used,down_jes,4,0.0,2.5,300,600,0,1,1.01856*(1.+0.0027992*x)/(1.+0.00312776*x)-0.032286852598190308 
M,used,down_jes,4,0.0,2.5,600,1000,0,1,1.01856*(1.+0.0027992*x)/(1.+0.00312776*x)-0.044573105871677399 
M,used,down_jes,5,0.0,2.5,20,30,0,1,1.01856*(1.+0.0027992*x)/(1.+0.00312776*x)-0.0055983485653996468 
M,used,down_jes,5,0.0,2.5,30,50,0,1,1.01856*(1.+0.0027992*x)/(1.+0.00312776*x)-6.2979677750263363e-05 
M,used,down_jes,5,0.0,2.5,50,70,0,1,1.01856*(1.+0.0027992*x)/(1.+0.00312776*x)-0.00041491709998808801 
M,used,down_jes,5,0.0,2.5,70,100,0,1,1.01856*(1.+0.0027992*x)/(1.+0.00312776*x)-0.0015284842811524868 
M,used,down_jes,5,0.0,2.5,100,140,0,1,1.01856*(1.+0.0027992*x)/(1.+0.00312776*x)-0.0028105003293603659 
M,used,down_jes,5,0.0,2.5,140,200,0,1,1.01856*(1.+0.0027992*x)/(1.+0.00312776*x)-0.0021381881088018417 
M,used,down_jes,5,0.0,2.5,200,300,0,1,1.01856*(1.+0.0027992*x)/(1.+0.00312776*x)-0.00062928430270403624 
M,used,down_jes,5,0.0,2.5,300,600,0,1,1.01856*(1.+0.0027992*x)/(1.+0.00312776*x)-0.010762283578515053 
M,used,down_jes,5,0.0,2.5,600,1000,0,1,1.01856*(1.+0.0027992*x)/(1.+0.00312776*x)-0.0148577019572258 
M,used,down_jetaway,4,0.0,2.5,20,30,0,1,1.01856*(1.+0.0027992*x)/(1.+0.00312776*x)-0.020918481051921844 
M,used,down_jetaway,4,0.0,2.5,30,50,0,1,1.01856*(1.+0.0027992*x)/(1.+0.00312776*x)-0.014862634241580963 
M,used,down_jetaway,4,0.0,2.5,50,70,0,1,1.01856*(1.+0.0027992*x)/(1.+0.00312776*x)-0.010367549955844879 
M,used,down_jetaway,4,0.0,2.5,70,100,0,1,1.01856*(1.+0.0027992*x)/(1.+0.00312776*x)-0.036177884787321091 
M,used,down_jetaway,4,0.0,2.5,100,140,0,1,1.01856*(1.+0.0027992*x)/(1.+0.00312776*x)-0.045347586274147034 
M,used,down_jetaway,4,0.0,2.5,140,200,0,1,1.01856*(1.+0.0027992*x)/(1.+0.00312776*x)-0.091409429907798767 
M,used,down_jetaway,4,0.0,2.5,200,300,0,1,1.01856*(1.+0.0027992*x)/(1.+0.00312776*x)-0.020725797861814499 
M,used,down_jetaway,4,0.0,2.5,300,600,0,1,1.01856*(1.+0.0027992*x)/(1.+0.00312776*x)-0.030121460556983948 
M,used,down_jetaway,4,0.0,2.5,600,1000,0,1,1.01856*(1.+0.0027992*x)/(1.+0.00312776*x)-0.14761148393154144 
M,used,down_jetaway,5,0.0,2.5,20,30,0,1,1.01856*(1.+0.0027992*x)/(1.+0.00312776*x)-0.0069728270173072815 
M,used,down_jetaway,5,0.0,2.5,30,50,0,1,1.01856*(1.+0.0027992*x)/(1.+0.00312776*x)-0.004954211413860321 
M,used,down_jetaway,5,0.0,2.5,50,70,0,1,1.01856*(1.+0.0027992*x)/(1.+0.00312776*x)-0.0034558498300611973 
M,used,down_jetaway,5,0.0,2.5,70,100,0,1,1.01856*(1.+0.0027992*x)/(1.+0.00312776*x)-0.012059294618666172 
M,used,down_jetaway,5,0.0,2.5,100,140,0,1,1.01856*(1.+0.0027992*x)/(1.+0.00312776*x)-0.015115862712264061 
M,used,down_jetaway,5,0.0,2.5,140,200,0,1,1.01856*(1.+0.0027992*x)/(1.+0.00312776*x)-0.030469808727502823 
M,used,down_jetaway,5,0.0,2.5,200,300,0,1,1.01856*(1.+0.0027992*x)/(1.+0.00312776*x)-0.0069085992872714996 
M,used,down_jetaway,5,0.0,2.5,300,600,0,1,1.01856*(1.+0.0027992*x)/(1.+0.00312776*x)-0.010040487162768841 
M,used,down_jetaway,5,0.0,2.5,600,1000,0,1,1.01856*(1.+0.0027992*x)/(1.+0.00312776*x)-0.049203827977180481 
M,used,down_ksl,4,0.0,2.5,20,30,0,1,1.01856*(1.+0.0027992*x)/(1.+0.00312776*x)-3.117006053798832e-05 
M,used,down_ksl,4,0.0,2.5,30,50,0,1,1.01856*(1.+0.0027992*x)/(1.+0.00312776*x)-5.2875111578032374e-06 
M,used,down_ksl,4,0.0,2.5,50,70,0,1,1.01856*(1.+0.0027992*x)/(1.+0.00312776*x)-7.2428256316925399e-06 
M,used,down_ksl,4,0.0,2.5,70,100,0,1,1.01856*(1.+0.0027992*x)/(1.+0.00312776*x)-1.3843291526427492e-05 
M,used,down_ksl,4,0.0,2.5,100,140,0,1,1.01856*(1.+0.0027992*x)/(1.+0.00312776*x)-2.4754264813964255e-05 
M,used,down_ksl,4,0.0,2.5,140,200,0,1,1.01856*(1.+0.0027992*x)/(1.+0.00312776*x)-9.7760086646303535e-05 
M,used,down_ksl,4,0.0,2.5,200,300,0,1,1.01856*(1.+0.0027992*x)/(1.+0.00312776*x)-7.8000535722821951e-05 
M,used,down_ksl,4,0.0,2.5,300,600,0,1,1.01856*(1.+0.0027992*x)/(1.+0.00312776*x)-7.424768409691751e-05 
M,used,down_ksl,4,0.0,2.5,600,1000,0,1,1.01856*(1.+0.0027992*x)/(1.+0.00312776*x)-0.00034506438532844186 
M,used,down_ksl,5,0.0,2.5,20,30,0,1,1.01856*(1.+0.0027992*x)/(1.+0.00312776*x)-1.039002017932944e-05 
M,used,down_ksl,5,0.0,2.5,30,50,0,1,1.01856*(1.+0.0027992*x)/(1.+0.00312776*x)-1.7625036434765207e-06 
M,used,down_ksl,5,0.0,2.5,50,70,0,1,1.01856*(1.+0.0027992*x)/(1.+0.00312776*x)-2.4142752863554051e-06 
M,used,down_ksl,5,0.0,2.5,70,100,0,1,1.01856*(1.+0.0027992*x)/(1.+0.00312776*x)-4.6144305088091642e-06 
M,used,down_ksl,5,0.0,2.5,100,140,0,1,1.01856*(1.+0.0027992*x)/(1.+0.00312776*x)-8.2514216046547517e-06 
M,used,down_ksl,5,0.0,2.5,140,200,0,1,1.01856*(1.+0.0027992*x)/(1.+0.00312776*x)-3.2586696761427447e-05 
M,used,down_ksl,5,0.0,2.5,200,300,0,1,1.01856*(1.+0.0027992*x)/(1.+0.00312776*x)-2.6000177967944182e-05 
M,used,down_ksl,5,0.0,2.5,300,600,0,1,1.01856*(1.+0.0027992*x)/(1.+0.00312776*x)-2.4749228032305837e-05 
M,used,down_ksl,5,0.0,2.5,600,1000,0,1,1.01856*(1.+0.0027992*x)/(1.+0.00312776*x)-0.0001150214666267857 
M,used,down_l2c,4,0.0,2.5,20,30,0,1,1.01856*(1.+0.0027992*x)/(1.+0.00312776*x)-0.009395454078912735 
M,used,down_l2c,4,0.0,2.5,30,50,0,1,1.01856*(1.+0.0027992*x)/(1.+0.00312776*x)-0.0069215269759297371 
M,used,down_l2c,4,0.0,2.5,50,70,0,1,1.01856*(1.+0.0027992*x)/(1.+0.00312776*x)-0.0076734330505132675 
M,used,down_l2c,4,0.0,2.5,70,100,0,1,1.01856*(1.+0.0027992*x)/(1.+0.00312776*x)-0.013328648172318935 
M,used,down_l2c,4,0.0,2.5,100,140,0,1,1.01856*(1.+0.0027992*x)/(1.+0.00312776*x)-0.079689525067806244 
M,used,down_l2c,4,0.0,2.5,140,200,0,1,1.01856*(1.+0.0027992*x)/(1.+0.00312776*x)-0.1393885612487793 
M,used,down_l2c,4,0.0,2.5,200,300,0,1,1.01856*(1.+0.0027992*x)/(1.+0.00312776*x)-0.053830035030841827 
M,used,down_l2c,4,0.0,2.5,300,600,0,1,1.01856*(1.+0.0027992*x)/(1.+0.00312776*x)-0.036952275782823563 
M,used,down_l2c,4,0.0,2.5,600,1000,0,1,1.01856*(1.+0.0027992*x)/(1.+0.00312776*x)-0.13346494734287262 
M,used,down_l2c,5,0.0,2.5,20,30,0,1,1.01856*(1.+0.0027992*x)/(1.+0.00312776*x)-0.003131818026304245 
M,used,down_l2c,5,0.0,2.5,30,50,0,1,1.01856*(1.+0.0027992*x)/(1.+0.00312776*x)-0.0023071756586432457 
M,used,down_l2c,5,0.0,2.5,50,70,0,1,1.01856*(1.+0.0027992*x)/(1.+0.00312776*x)-0.0025578110944479704 
M,used,down_l2c,5,0.0,2.5,70,100,0,1,1.01856*(1.+0.0027992*x)/(1.+0.00312776*x)-0.0044428827241063118 
M,used,down_l2c,5,0.0,2.5,100,140,0,1,1.01856*(1.+0.0027992*x)/(1.+0.00312776*x)-0.026563175022602081 
M,used,down_l2c,5,0.0,2.5,140,200,0,1,1.01856*(1.+0.0027992*x)/(1.+0.00312776*x)-0.046462856233119965 
M,used,down_l2c,5,0.0,2.5,200,300,0,1,1.01856*(1.+0.0027992*x)/(1.+0.00312776*x)-0.017943345010280609 
M,used,down_l2c,5,0.0,2.5,300,600,0,1,1.01856*(1.+0.0027992*x)/(1.+0.00312776*x)-0.012317425571382046 
M,used,down_l2c,5,0.0,2.5,600,1000,0,1,1.01856*(1.+0.0027992*x)/(1.+0.00312776*x)-0.044488314539194107 
M,used,down_ltothers,4,0.0,2.5,20,30,0,1,1.01856*(1.+0.0027992*x)/(1.+0.00312776*x)-0.023529760539531708 
M,used,down_ltothers,4,0.0,2.5,30,50,0,1,1.01856*(1.+0.0027992*x)/(1.+0.00312776*x)-0.012071600183844566 
M,used,down_ltothers,4,0.0,2.5,50,70,0,1,1.01856*(1.+0.0027992*x)/(1.+0.00312776*x)-0.011727886274456978 
M,used,down_ltothers,4,0.0,2.5,70,100,0,1,1.01856*(1.+0.0027992*x)/(1.+0.00312776*x)-0.021077455952763557 
M,used,down_ltothers,4,0.0,2.5,100,140,0,1,1.01856*(1.+0.0027992*x)/(1.+0.00312776*x)-0.013877752237021923 
M,used,down_ltothers,4,0.0,2.5,140,200,0,1,1.01856*(1.+0.0027992*x)/(1.+0.00312776*x)-0.017085356637835503 
M,used,down_ltothers,4,0.0,2.5,200,300,0,1,1.01856*(1.+0.0027992*x)/(1.+0.00312776*x)-0.071920141577720642 
M,used,down_ltothers,4,0.0,2.5,300,600,0,1,1.01856*(1.+0.0027992*x)/(1.+0.00312776*x)-0.15567117929458618 
M,used,down_ltothers,4,0.0,2.5,600,1000,0,1,1.01856*(1.+0.0027992*x)/(1.+0.00312776*x)-0.065006986260414124 
M,used,down_ltothers,5,0.0,2.5,20,30,0,1,1.01856*(1.+0.0027992*x)/(1.+0.00312776*x)-0.0078432532027363777 
M,used,down_ltothers,5,0.0,2.5,30,50,0,1,1.01856*(1.+0.0027992*x)/(1.+0.00312776*x)-0.0040238667279481888 
M,used,down_ltothers,5,0.0,2.5,50,70,0,1,1.01856*(1.+0.0027992*x)/(1.+0.00312776*x)-0.0039092954248189926 
M,used,down_ltothers,5,0.0,2.5,70,100,0,1,1.01856*(1.+0.0027992*x)/(1.+0.00312776*x)-0.0070258188061416149 
M,used,down_ltothers,5,0.0,2.5,100,140,0,1,1.01856*(1.+0.0027992*x)/(1.+0.00312776*x)-0.004625917412340641 
M,used,down_ltothers,5,0.0,2.5,140,200,0,1,1.01856*(1.+0.0027992*x)/(1.+0.00312776*x)-0.00569511903449893 
M,used,down_ltothers,5,0.0,2.5,200,300,0,1,1.01856*(1.+0.0027992*x)/(1.+0.00312776*x)-0.023973381146788597 
M,used,down_ltothers,5,0.0,2.5,300,600,0,1,1.01856*(1.+0.0027992*x)/(1.+0.00312776*x)-0.051890391856431961 
M,used,down_ltothers,5,0.0,2.5,600,1000,0,1,1.01856*(1.+0.0027992*x)/(1.+0.00312776*x)-0.021668996661901474 
M,used,down_mudr,4,0.0,2.5,20,30,0,1,1.01856*(1.+0.0027992*x)/(1.+0.00312776*x)-0.027055799961090088 
M,used,down_mudr,4,0.0,2.5,30,50,0,1,1.01856*(1.+0.0027992*x)/(1.+0.00312776*x)- -0.00031638742075301707 
M,used,down_mudr,4,0.0,2.5,50,70,0,1,1.01856*(1.+0.0027992*x)/(1.+0.00312776*x)- -0.0060004969127476215 
M,used,down_mudr,4,0.0,2.5,70,100,0,1,1.01856*(1.+0.0027992*x)/(1.+0.00312776*x)- -0.0090094609186053276 
M,used,down_mudr,4,0.0,2.5,100,140,0,1,1.01856*(1.+0.0027992*x)/(1.+0.00312776*x)- -0.0051846010610461235 
M,used,down_mudr,4,0.0,2.5,140,200,0,1,1.01856*(1.+0.0027992*x)/(1.+0.00312776*x)- -0.00020785146625712514 
M,used,down_mudr,4,0.0,2.5,200,300,0,1,1.01856*(1.+0.0027992*x)/(1.+0.00312776*x)-0.0006031357916072011 
M,used,down_mudr,4,0.0,2.5,300,600,0,1,1.01856*(1.+0.0027992*x)/(1.+0.00312776*x)- -0.0049962662160396576 
M,used,down_mudr,4,0.0,2.5,600,1000,0,1,1.01856*(1.+0.0027992*x)/(1.+0.00312776*x)-0.054409027099609375 
M,used,down_mudr,5,0.0,2.5,20,30,0,1,1.01856*(1.+0.0027992*x)/(1.+0.00312776*x)-0.0090185999870300293 
M,used,down_mudr,5,0.0,2.5,30,50,0,1,1.01856*(1.+0.0027992*x)/(1.+0.00312776*x)- -0.00010546247358433902 
M,used,down_mudr,5,0.0,2.5,50,70,0,1,1.01856*(1.+0.0027992*x)/(1.+0.00312776*x)- -0.0020001656375825405 
M,used,down_mudr,5,0.0,2.5,70,100,0,1,1.01856*(1.+0.0027992*x)/(1.+0.00312776*x)- -0.0030031537171453238 
M,used,down_mudr,5,0.0,2.5,100,140,0,1,1.01856*(1.+0.0027992*x)/(1.+0.00312776*x)- -0.0017282003536820412 
M,used,down_mudr,5,0.0,2.5,140,200,0,1,1.01856*(1.+0.0027992*x)/(1.+0.00312776*x)- -6.928382208570838e-05 
M,used,down_mudr,5,0.0,2.5,200,300,0,1,1.01856*(1.+0.0027992*x)/(1.+0.00312776*x)-0.00020104525901842862 
M,used,down_mudr,5,0.0,2.5,300,600,0,1,1.01856*(1.+0.0027992*x)/(1.+0.00312776*x)- -0.0016654219944030046 
M,used,down_mudr,5,0.0,2.5,600,1000,0,1,1.01856*(1.+0.0027992*x)/(1.+0.00312776*x)-0.018136342987418175 
M,used,down_mupt,4,0.0,2.5,20,30,0,1,1.01856*(1.+0.0027992*x)/(1.+0.00312776*x)- -0.03887379914522171 
M,used,down_mupt,4,0.0,2.5,30,50,0,1,1.01856*(1.+0.0027992*x)/(1.+0.00312776*x)- -0.011471113190054893 
M,used,down_mupt,4,0.0,2.5,50,70,0,1,1.01856*(1.+0.0027992*x)/(1.+0.00312776*x)-0.0072527225129306316 
M,used,down_mupt,4,0.0,2.5,70,100,0,1,1.01856*(1.+0.0027992*x)/(1.+0.00312776*x)-0.004690773319453001 
M,used,down_mupt,4,0.0,2.5,100,140,0,1,1.01856*(1.+0.0027992*x)/(1.+0.00312776*x)- -0.0095449890941381454 
M,used,down_mupt,4,0.0,2.5,140,200,0,1,1.01856*(1.+0.0027992*x)/(1.+0.00312776*x)- -0.017053833231329918 
M,used,down_mupt,4,0.0,2.5,200,300,0,1,1.01856*(1.+0.0027992*x)/(1.+0.00312776*x)- -0.0084588080644607544 
M,used,down_mupt,4,0.0,2.5,300,600,0,1,1.01856*(1.+0.0027992*x)/(1.+0.00312776*x)-0.0066717816516757011 
M,used,down_mupt,4,0.0,2.5,600,1000,0,1,1.01856*(1.+0.0027992*x)/(1.+0.00312776*x)- -0.048376277089118958 
M,used,down_mupt,5,0.0,2.5,20,30,0,1,1.01856*(1.+0.0027992*x)/(1.+0.00312776*x)- -0.012957933358848095 
M,used,down_mupt,5,0.0,2.5,30,50,0,1,1.01856*(1.+0.0027992*x)/(1.+0.00312776*x)- -0.0038237045519053936 
M,used,down_mupt,5,0.0,2.5,50,70,0,1,1.01856*(1.+0.0027992*x)/(1.+0.00312776*x)-0.0024175741709768772 
M,used,down_mupt,5,0.0,2.5,70,100,0,1,1.01856*(1.+0.0027992*x)/(1.+0.00312776*x)-0.0015635910676792264 
M,used,down_mupt,5,0.0,2.5,100,140,0,1,1.01856*(1.+0.0027992*x)/(1.+0.00312776*x)- -0.0031816628761589527 
M,used,down_mupt,5,0.0,2.5,140,200,0,1,1.01856*(1.+0.0027992*x)/(1.+0.00312776*x)- -0.0056846109218895435 
M,used,down_mupt,5,0.0,2.5,200,300,0,1,1.01856*(1.+0.0027992*x)/(1.+0.00312776*x)- -0.0028196028433740139 
M,used,down_mupt,5,0.0,2.5,300,600,0,1,1.01856*(1.+0.0027992*x)/(1.+0.00312776*x)-0.0022239272948354483 
M,used,down_mupt,5,0.0,2.5,600,1000,0,1,1.01856*(1.+0.0027992*x)/(1.+0.00312776*x)- -0.016125425696372986 
M,used,down_pileup,4,0.0,2.5,20,30,0,1,1.01856*(1.+0.0027992*x)/(1.+0.00312776*x)-0.014176873490214348 
M,used,down_pileup,4,0.0,2.5,30,50,0,1,1.01856*(1.+0.0027992*x)/(1.+0.00312776*x)-0.012657852843403816 
M,used,down_pileup,4,0.0,2.5,50,70,0,1,1.01856*(1.+0.0027992*x)/(1.+0.00312776*x)-0.0027521324809640646 
M,used,down_pileup,4,0.0,2.5,70,100,0,1,1.01856*(1.+0.0027992*x)/(1.+0.00312776*x)-0.0017552019562572241 
M,used,down_pileup,4,0.0,2.5,100,140,0,1,1.01856*(1.+0.0027992*x)/(1.+0.00312776*x)- -0.00098854536190629005 
M,used,down_pileup,4,0.0,2.5,140,200,0,1,1.01856*(1.+0.0027992*x)/(1.+0.00312776*x)-0.0010067095281556249 
M,used,down_pileup,4,0.0,2.5,200,300,0,1,1.01856*(1.+0.0027992*x)/(1.+0.00312776*x)-0.0097246691584587097 
M,used,down_pileup,4,0.0,2.5,300,600,0,1,1.01856*(1.+0.0027992*x)/(1.+0.00312776*x)-0.03648785874247551 
M,used,down_pileup,4,0.0,2.5,600,1000,0,1,1.01856*(1.+0.0027992*x)/(1.+0.00312776*x)-0.012027937918901443 
M,used,down_pileup,5,0.0,2.5,20,30,0,1,1.01856*(1.+0.0027992*x)/(1.+0.00312776*x)-0.0047256243415176868 
M,used,down_pileup,5,0.0,2.5,30,50,0,1,1.01856*(1.+0.0027992*x)/(1.+0.00312776*x)-0.0042192842811346054 
M,used,down_pileup,5,0.0,2.5,50,70,0,1,1.01856*(1.+0.0027992*x)/(1.+0.00312776*x)-0.00091737747425213456 
M,used,down_pileup,5,0.0,2.5,70,100,0,1,1.01856*(1.+0.0027992*x)/(1.+0.00312776*x)-0.00058506731875240803 
M,used,down_pileup,5,0.0,2.5,100,140,0,1,1.01856*(1.+0.0027992*x)/(1.+0.00312776*x)- -0.00032951514003798366 
M,used,down_pileup,5,0.0,2.5,140,200,0,1,1.01856*(1.+0.0027992*x)/(1.+0.00312776*x)-0.00033556984271854162 
M,used,down_pileup,5,0.0,2.5,200,300,0,1,1.01856*(1.+0.0027992*x)/(1.+0.00312776*x)-0.0032415564637631178 
M,used,down_pileup,5,0.0,2.5,300,600,0,1,1.01856*(1.+0.0027992*x)/(1.+0.00312776*x)-0.012162619270384312 
M,used,down_pileup,5,0.0,2.5,600,1000,0,1,1.01856*(1.+0.0027992*x)/(1.+0.00312776*x)-0.0040093124844133854 
M,used,down_ptrel,4,0.0,2.5,20,30,0,1,1.01856*(1.+0.0027992*x)/(1.+0.00312776*x)-0.026734419167041779 
M,used,down_ptrel,4,0.0,2.5,30,50,0,1,1.01856*(1.+0.0027992*x)/(1.+0.00312776*x)-0.011525318957865238 
M,used,down_ptrel,4,0.0,2.5,50,70,0,1,1.01856*(1.+0.0027992*x)/(1.+0.00312776*x)-0.027959510684013367 
M,used,down_ptrel,4,0.0,2.5,70,100,0,1,1.01856*(1.+0.0027992*x)/(1.+0.00312776*x)-0.024018846452236176 
M,used,down_ptrel,4,0.0,2.5,100,140,0,1,1.01856*(1.+0.0027992*x)/(1.+0.00312776*x)-0.01324130967259407 
M,used,down_ptrel,4,0.0,2.5,140,200,0,1,1.01856*(1.+0.0027992*x)/(1.+0.00312776*x)-0.014822907745838165 
M,used,down_ptrel,4,0.0,2.5,200,300,0,1,1.01856*(1.+0.0027992*x)/(1.+0.00312776*x)-0.011211710050702095 
M,used,down_ptrel,4,0.0,2.5,300,600,0,1,1.01856*(1.+0.0027992*x)/(1.+0.00312776*x)-0.016569864004850388 
M,used,down_ptrel,4,0.0,2.5,600,1000,0,1,1.01856*(1.+0.0027992*x)/(1.+0.00312776*x)-0.036027204245328903 
M,used,down_ptrel,5,0.0,2.5,20,30,0,1,1.01856*(1.+0.0027992*x)/(1.+0.00312776*x)-0.0089114727452397346 
M,used,down_ptrel,5,0.0,2.5,30,50,0,1,1.01856*(1.+0.0027992*x)/(1.+0.00312776*x)-0.0038417729083448648 
M,used,down_ptrel,5,0.0,2.5,50,70,0,1,1.01856*(1.+0.0027992*x)/(1.+0.00312776*x)-0.0093198372051119804 
M,used,down_ptrel,5,0.0,2.5,70,100,0,1,1.01856*(1.+0.0027992*x)/(1.+0.00312776*x)-0.0080062821507453918 
M,used,down_ptrel,5,0.0,2.5,100,140,0,1,1.01856*(1.+0.0027992*x)/(1.+0.00312776*x)-0.0044137700460851192 
M,used,down_ptrel,5,0.0,2.5,140,200,0,1,1.01856*(1.+0.0027992*x)/(1.+0.00312776*x)-0.0049409694038331509 
M,used,down_ptrel,5,0.0,2.5,200,300,0,1,1.01856*(1.+0.0027992*x)/(1.+0.00312776*x)-0.0037372366059571505 
M,used,down_ptrel,5,0.0,2.5,300,600,0,1,1.01856*(1.+0.0027992*x)/(1.+0.00312776*x)-0.0055232876911759377 
M,used,down_ptrel,5,0.0,2.5,600,1000,0,1,1.01856*(1.+0.0027992*x)/(1.+0.00312776*x)-0.012009068392217159 
M,used,down_statistic,4,0.0,2.5,20,30,0,1,1.01856*(1.+0.0027992*x)/(1.+0.00312776*x)-0.027191894128918648 
M,used,down_statistic,4,0.0,2.5,30,50,0,1,1.01856*(1.+0.0027992*x)/(1.+0.00312776*x)-0.022709939628839493 
M,used,down_statistic,4,0.0,2.5,50,70,0,1,1.01856*(1.+0.0027992*x)/(1.+0.00312776*x)-0.016490194946527481 
M,used,down_statistic,4,0.0,2.5,70,100,0,1,1.01856*(1.+0.0027992*x)/(1.+0.00312776*x)-0.018770541995763779 
M,used,down_statistic,4,0.0,2.5,100,140,0,1,1.01856*(1.+0.0027992*x)/(1.+0.00312776*x)-0.024550344794988632 
M,used,down_statistic,4,0.0,2.5,140,200,0,1,1.01856*(1.+0.0027992*x)/(1.+0.00312776*x)-0.031578376889228821 
M,used,down_statistic,4,0.0,2.5,200,300,0,1,1.01856*(1.+0.0027992*x)/(1.+0.00312776*x)-0.055563434958457947 
M,used,down_statistic,4,0.0,2.5,300,600,0,1,1.01856*(1.+0.0027992*x)/(1.+0.00312776*x)-0.059191741049289703 
M,used,down_statistic,4,0.0,2.5,600,1000,0,1,1.01856*(1.+0.0027992*x)/(1.+0.00312776*x)-0.21782116591930389 
M,used,down_statistic,5,0.0,2.5,20,30,0,1,1.01856*(1.+0.0027992*x)/(1.+0.00312776*x)-0.0090639647096395493 
M,used,down_statistic,5,0.0,2.5,30,50,0,1,1.01856*(1.+0.0027992*x)/(1.+0.00312776*x)-0.0075699798762798309 
M,used,down_statistic,5,0.0,2.5,50,70,0,1,1.01856*(1.+0.0027992*x)/(1.+0.00312776*x)-0.0054967319592833519 
M,used,down_statistic,5,0.0,2.5,70,100,0,1,1.01856*(1.+0.0027992*x)/(1.+0.00312776*x)-0.0062568471767008305 
M,used,down_statistic,5,0.0,2.5,100,140,0,1,1.01856*(1.+0.0027992*x)/(1.+0.00312776*x)-0.0081834485754370689 
M,used,down_statistic,5,0.0,2.5,140,200,0,1,1.01856*(1.+0.0027992*x)/(1.+0.00312776*x)-0.010526125319302082 
M,used,down_statistic,5,0.0,2.5,200,300,0,1,1.01856*(1.+0.0027992*x)/(1.+0.00312776*x)-0.018521144986152649 
M,used,down_statistic,5,0.0,2.5,300,600,0,1,1.01856*(1.+0.0027992*x)/(1.+0.00312776*x)-0.019730580970644951 
M,used,down_statistic,5,0.0,2.5,600,1000,0,1,1.01856*(1.+0.0027992*x)/(1.+0.00312776*x)-0.072607055306434631 
M,used,up,4,0.0,2.5,20,30,0,1,1.01856*(1.+0.0027992*x)/(1.+0.00312776*x)+0.078775376081466675 
M,used,up,4,0.0,2.5,30,50,0,1,1.01856*(1.+0.0027992*x)/(1.+0.00312776*x)+0.040814358741044998 
M,used,up,4,0.0,2.5,50,70,0,1,1.01856*(1.+0.0027992*x)/(1.+0.00312776*x)+0.044891469180583954 
M,used,up,4,0.0,2.5,70,100,0,1,1.01856*(1.+0.0027992*x)/(1.+0.00312776*x)+0.06015034019947052 
M,used,up,4,0.0,2.5,100,140,0,1,1.01856*(1.+0.0027992*x)/(1.+0.00312776*x)+0.10429151356220245 
M,used,up,4,0.0,2.5,140,200,0,1,1.01856*(1.+0.0027992*x)/(1.+0.00312776*x)+0.19067385792732239 
M,used,up,4,0.0,2.5,200,300,0,1,1.01856*(1.+0.0027992*x)/(1.+0.00312776*x)+0.11202059686183929 
M,used,up,4,0.0,2.5,300,600,0,1,1.01856*(1.+0.0027992*x)/(1.+0.00312776*x)+0.18224860727787018 
M,used,up,4,0.0,2.5,600,1000,0,1,1.01856*(1.+0.0027992*x)/(1.+0.00312776*x)+0.35118171572685242 
M,used,up,5,0.0,2.5,20,30,0,1,1.01856*(1.+0.0027992*x)/(1.+0.00312776*x)+0.026258459314703941 
M,used,up,5,0.0,2.5,30,50,0,1,1.01856*(1.+0.0027992*x)/(1.+0.00312776*x)+0.013604786247014999 
M,used,up,5,0.0,2.5,50,70,0,1,1.01856*(1.+0.0027992*x)/(1.+0.00312776*x)+0.014963822439312935 
M,used,up,5,0.0,2.5,70,100,0,1,1.01856*(1.+0.0027992*x)/(1.+0.00312776*x)+0.020050114020705223 
M,used,up,5,0.0,2.5,100,140,0,1,1.01856*(1.+0.0027992*x)/(1.+0.00312776*x)+0.034763839095830917 
M,used,up,5,0.0,2.5,140,200,0,1,1.01856*(1.+0.0027992*x)/(1.+0.00312776*x)+0.063557952642440796 
M,used,up,5,0.0,2.5,200,300,0,1,1.01856*(1.+0.0027992*x)/(1.+0.00312776*x)+0.037340197712182999 
M,used,up,5,0.0,2.5,300,600,0,1,1.01856*(1.+0.0027992*x)/(1.+0.00312776*x)+0.060749534517526627 
M,used,up,5,0.0,2.5,600,1000,0,1,1.01856*(1.+0.0027992*x)/(1.+0.00312776*x)+0.11706057190895081 
M,used,up_bfragmentation,4,0.0,2.5,20,30,0,1,1.01856*(1.+0.0027992*x)/(1.+0.00312776*x)+-0.029216397553682327 
M,used,up_bfragmentation,4,0.0,2.5,30,50,0,1,1.01856*(1.+0.0027992*x)/(1.+0.00312776*x)+-0.010622045025229454 
M,used,up_bfragmentation,4,0.0,2.5,50,70,0,1,1.01856*(1.+0.0027992*x)/(1.+0.00312776*x)+-0.016512934118509293 
M,used,up_bfragmentation,4,0.0,2.5,70,100,0,1,1.01856*(1.+0.0027992*x)/(1.+0.00312776*x)+-0.018255084753036499 
M,used,up_bfragmentation,4,0.0,2.5,100,140,0,1,1.01856*(1.+0.0027992*x)/(1.+0.00312776*x)+-0.012110109440982342 
M,used,up_bfragmentation,4,0.0,2.5,140,200,0,1,1.01856*(1.+0.0027992*x)/(1.+0.00312776*x)+0.00083235581405460835 
M,used,up_bfragmentation,4,0.0,2.5,200,300,0,1,1.01856*(1.+0.0027992*x)/(1.+0.00312776*x)+0.016203928738832474 
M,used,up_bfragmentation,4,0.0,2.5,300,600,0,1,1.01856*(1.+0.0027992*x)/(1.+0.00312776*x)+-0.0019641134422272444 
M,used,up_bfragmentation,4,0.0,2.5,600,1000,0,1,1.01856*(1.+0.0027992*x)/(1.+0.00312776*x)+-0.095953904092311859 
M,used,up_bfragmentation,5,0.0,2.5,20,30,0,1,1.01856*(1.+0.0027992*x)/(1.+0.00312776*x)+-0.0097387991845607758 
M,used,up_bfragmentation,5,0.0,2.5,30,50,0,1,1.01856*(1.+0.0027992*x)/(1.+0.00312776*x)+-0.0035406816750764847 
M,used,up_bfragmentation,5,0.0,2.5,50,70,0,1,1.01856*(1.+0.0027992*x)/(1.+0.00312776*x)+-0.00550431152805686 
M,used,up_bfragmentation,5,0.0,2.5,70,100,0,1,1.01856*(1.+0.0027992*x)/(1.+0.00312776*x)+-0.0060850284062325954 
M,used,up_bfragmentation,5,0.0,2.5,100,140,0,1,1.01856*(1.+0.0027992*x)/(1.+0.00312776*x)+-0.0040367031469941139 
M,used,up_bfragmentation,5,0.0,2.5,140,200,0,1,1.01856*(1.+0.0027992*x)/(1.+0.00312776*x)+0.00027745193801820278 
M,used,up_bfragmentation,5,0.0,2.5,200,300,0,1,1.01856*(1.+0.0027992*x)/(1.+0.00312776*x)+0.0054013095796108246 
M,used,up_bfragmentation,5,0.0,2.5,300,600,0,1,1.01856*(1.+0.0027992*x)/(1.+0.00312776*x)+-0.00065470446133986115 
M,used,up_bfragmentation,5,0.0,2.5,600,1000,0,1,1.01856*(1.+0.0027992*x)/(1.+0.00312776*x)+-0.031984634697437286 
M,used,up_btempcorr,4,0.0,2.5,20,30,0,1,1.01856*(1.+0.0027992*x)/(1.+0.00312776*x)+0.0067372061312198639 
M,used,up_btempcorr,4,0.0,2.5,30,50,0,1,1.01856*(1.+0.0027992*x)/(1.+0.00312776*x)+0.013058625161647797 
M,used,up_btempcorr,4,0.0,2.5,50,70,0,1,1.01856*(1.+0.0027992*x)/(1.+0.00312776*x)+0.015909653156995773 
M,used,up_btempcorr,4,0.0,2.5,70,100,0,1,1.01856*(1.+0.0027992*x)/(1.+0.00312776*x)+0.016817042604088783 
M,used,up_btempcorr,4,0.0,2.5,100,140,0,1,1.01856*(1.+0.0027992*x)/(1.+0.00312776*x)+0.022055188193917274 
M,used,up_btempcorr,4,0.0,2.5,140,200,0,1,1.01856*(1.+0.0027992*x)/(1.+0.00312776*x)+0.068640641868114471 
M,used,up_btempcorr,4,0.0,2.5,200,300,0,1,1.01856*(1.+0.0027992*x)/(1.+0.00312776*x)+0.015489308163523674 
M,used,up_btempcorr,4,0.0,2.5,300,600,0,1,1.01856*(1.+0.0027992*x)/(1.+0.00312776*x)+0.014888692647218704 
M,used,up_btempcorr,4,0.0,2.5,600,1000,0,1,1.01856*(1.+0.0027992*x)/(1.+0.00312776*x)+0.097904980182647705 
M,used,up_btempcorr,5,0.0,2.5,20,30,0,1,1.01856*(1.+0.0027992*x)/(1.+0.00312776*x)+0.002245735377073288 
M,used,up_btempcorr,5,0.0,2.5,30,50,0,1,1.01856*(1.+0.0027992*x)/(1.+0.00312776*x)+0.0043528750538825989 
M,used,up_btempcorr,5,0.0,2.5,50,70,0,1,1.01856*(1.+0.0027992*x)/(1.+0.00312776*x)+0.005303217563778162 
M,used,up_btempcorr,5,0.0,2.5,70,100,0,1,1.01856*(1.+0.0027992*x)/(1.+0.00312776*x)+0.0056056808680295944 
M,used,up_btempcorr,5,0.0,2.5,100,140,0,1,1.01856*(1.+0.0027992*x)/(1.+0.00312776*x)+0.0073517295531928539 
M,used,up_btempcorr,5,0.0,2.5,140,200,0,1,1.01856*(1.+0.0027992*x)/(1.+0.00312776*x)+0.022880213335156441 
M,used,up_btempcorr,5,0.0,2.5,200,300,0,1,1.01856*(1.+0.0027992*x)/(1.+0.00312776*x)+0.0051631028763949871 
M,used,up_btempcorr,5,0.0,2.5,300,600,0,1,1.01856*(1.+0.0027992*x)/(1.+0.00312776*x)+0.0049628973938524723 
M,used,up_btempcorr,5,0.0,2.5,600,1000,0,1,1.01856*(1.+0.0027992*x)/(1.+0.00312776*x)+0.032634992152452469 
M,used,up_cb,4,0.0,2.5,20,30,0,1,1.01856*(1.+0.0027992*x)/(1.+0.00312776*x)+0.0003320584655739367 
M,used,up_cb,4,0.0,2.5,30,50,0,1,1.01856*(1.+0.0027992*x)/(1.+0.00312776*x)+7.6548800279852003e-05 
M,used,up_cb,4,0.0,2.5,50,70,0,1,1.01856*(1.+0.0027992*x)/(1.+0.00312776*x)+-2.3433567548636347e-05 
M,used,up_cb,4,0.0,2.5,70,100,0,1,1.01856*(1.+0.0027992*x)/(1.+0.00312776*x)+-0.00011265216744504869 
M,used,up_cb,4,0.0,2.5,100,140,0,1,1.01856*(1.+0.0027992*x)/(1.+0.00312776*x)+9.0293193352408707e-05 
M,used,up_cb,4,0.0,2.5,140,200,0,1,1.01856*(1.+0.0027992*x)/(1.+0.00312776*x)+0.00015050022921059281 
M,used,up_cb,4,0.0,2.5,200,300,0,1,1.01856*(1.+0.0027992*x)/(1.+0.00312776*x)+-0.00038921166560612619 
M,used,up_cb,4,0.0,2.5,300,600,0,1,1.01856*(1.+0.0027992*x)/(1.+0.00312776*x)+-0.00093305925838649273 
M,used,up_cb,4,0.0,2.5,600,1000,0,1,1.01856*(1.+0.0027992*x)/(1.+0.00312776*x)+0.00042468754691071808 
M,used,up_cb,5,0.0,2.5,20,30,0,1,1.01856*(1.+0.0027992*x)/(1.+0.00312776*x)+0.00011068616004195064 
M,used,up_cb,5,0.0,2.5,30,50,0,1,1.01856*(1.+0.0027992*x)/(1.+0.00312776*x)+2.5516266759950668e-05 
M,used,up_cb,5,0.0,2.5,50,70,0,1,1.01856*(1.+0.0027992*x)/(1.+0.00312776*x)+-7.8111888797138818e-06 
M,used,up_cb,5,0.0,2.5,70,100,0,1,1.01856*(1.+0.0027992*x)/(1.+0.00312776*x)+-3.7550722481682897e-05 
M,used,up_cb,5,0.0,2.5,100,140,0,1,1.01856*(1.+0.0027992*x)/(1.+0.00312776*x)+3.0097729904809967e-05 
M,used,up_cb,5,0.0,2.5,140,200,0,1,1.01856*(1.+0.0027992*x)/(1.+0.00312776*x)+5.0166741857538e-05 
M,used,up_cb,5,0.0,2.5,200,300,0,1,1.01856*(1.+0.0027992*x)/(1.+0.00312776*x)+-0.00012973722186870873 
M,used,up_cb,5,0.0,2.5,300,600,0,1,1.01856*(1.+0.0027992*x)/(1.+0.00312776*x)+-0.00031101974309422076 
M,used,up_cb,5,0.0,2.5,600,1000,0,1,1.01856*(1.+0.0027992*x)/(1.+0.00312776*x)+0.00014156251563690603 
M,used,up_cfragmentation,4,0.0,2.5,20,30,0,1,1.01856*(1.+0.0027992*x)/(1.+0.00312776*x)+0.0015472368104383349 
M,used,up_cfragmentation,4,0.0,2.5,30,50,0,1,1.01856*(1.+0.0027992*x)/(1.+0.00312776*x)+0.00067510106600821018 
M,used,up_cfragmentation,4,0.0,2.5,50,70,0,1,1.01856*(1.+0.0027992*x)/(1.+0.00312776*x)+0.00034353218507021666 
M,used,up_cfragmentation,4,0.0,2.5,70,100,0,1,1.01856*(1.+0.0027992*x)/(1.+0.00312776*x)+0.00067558663431555033 
M,used,up_cfragmentation,4,0.0,2.5,100,140,0,1,1.01856*(1.+0.0027992*x)/(1.+0.00312776*x)+0.0017442228272557259 
M,used,up_cfragmentation,4,0.0,2.5,140,200,0,1,1.01856*(1.+0.0027992*x)/(1.+0.00312776*x)+0.0021963012404739857 
M,used,up_cfragmentation,4,0.0,2.5,200,300,0,1,1.01856*(1.+0.0027992*x)/(1.+0.00312776*x)+0.0031157494522631168 
M,used,up_cfragmentation,4,0.0,2.5,300,600,0,1,1.01856*(1.+0.0027992*x)/(1.+0.00312776*x)+0.0049220584332942963 
M,used,up_cfragmentation,4,0.0,2.5,600,1000,0,1,1.01856*(1.+0.0027992*x)/(1.+0.00312776*x)+0.0054530245251953602 
M,used,up_cfragmentation,5,0.0,2.5,20,30,0,1,1.01856*(1.+0.0027992*x)/(1.+0.00312776*x)+0.00051574560347944498 
M,used,up_cfragmentation,5,0.0,2.5,30,50,0,1,1.01856*(1.+0.0027992*x)/(1.+0.00312776*x)+0.00022503368381876498 
M,used,up_cfragmentation,5,0.0,2.5,50,70,0,1,1.01856*(1.+0.0027992*x)/(1.+0.00312776*x)+0.00011451073078205809 
M,used,up_cfragmentation,5,0.0,2.5,70,100,0,1,1.01856*(1.+0.0027992*x)/(1.+0.00312776*x)+0.00022519554477185011 
M,used,up_cfragmentation,5,0.0,2.5,100,140,0,1,1.01856*(1.+0.0027992*x)/(1.+0.00312776*x)+0.00058140762848779559 
M,used,up_cfragmentation,5,0.0,2.5,140,200,0,1,1.01856*(1.+0.0027992*x)/(1.+0.00312776*x)+0.00073210039408877492 
M,used,up_cfragmentation,5,0.0,2.5,200,300,0,1,1.01856*(1.+0.0027992*x)/(1.+0.00312776*x)+0.001038583111949265 
M,used,up_cfragmentation,5,0.0,2.5,300,600,0,1,1.01856*(1.+0.0027992*x)/(1.+0.00312776*x)+0.0016406861832365394 
M,used,up_cfragmentation,5,0.0,2.5,600,1000,0,1,1.01856*(1.+0.0027992*x)/(1.+0.00312776*x)+0.0018176748417317867 
M,used,up_cjets,4,0.0,2.5,20,30,0,1,1.01856*(1.+0.0027992*x)/(1.+0.00312776*x)+0.0013755734544247389 
M,used,up_cjets,4,0.0,2.5,30,50,0,1,1.01856*(1.+0.0027992*x)/(1.+0.00312776*x)+0.0041957958601415157 
M,used,up_cjets,4,0.0,2.5,50,70,0,1,1.01856*(1.+0.0027992*x)/(1.+0.00312776*x)+0.0019205556018278003 
M,used,up_cjets,4,0.0,2.5,70,100,0,1,1.01856*(1.+0.0027992*x)/(1.+0.00312776*x)+0.0016329919453710318 
M,used,up_cjets,4,0.0,2.5,100,140,0,1,1.01856*(1.+0.0027992*x)/(1.+0.00312776*x)+0.0053413971327245235 
M,used,up_cjets,4,0.0,2.5,140,200,0,1,1.01856*(1.+0.0027992*x)/(1.+0.00312776*x)+0.0058969496749341488 
M,used,up_cjets,4,0.0,2.5,200,300,0,1,1.01856*(1.+0.0027992*x)/(1.+0.00312776*x)+0.0021418803371489048 
M,used,up_cjets,4,0.0,2.5,300,600,0,1,1.01856*(1.+0.0027992*x)/(1.+0.00312776*x)+0.0019159032963216305 
M,used,up_cjets,4,0.0,2.5,600,1000,0,1,1.01856*(1.+0.0027992*x)/(1.+0.00312776*x)+0.015477555803954601 
M,used,up_cjets,5,0.0,2.5,20,30,0,1,1.01856*(1.+0.0027992*x)/(1.+0.00312776*x)+0.00045852450421079993 
M,used,up_cjets,5,0.0,2.5,30,50,0,1,1.01856*(1.+0.0027992*x)/(1.+0.00312776*x)+0.0013985986588522792 
M,used,up_cjets,5,0.0,2.5,50,70,0,1,1.01856*(1.+0.0027992*x)/(1.+0.00312776*x)+0.00064018520060926676 
M,used,up_cjets,5,0.0,2.5,70,100,0,1,1.01856*(1.+0.0027992*x)/(1.+0.00312776*x)+0.00054433062905445695 
M,used,up_cjets,5,0.0,2.5,100,140,0,1,1.01856*(1.+0.0027992*x)/(1.+0.00312776*x)+0.0017804657109081745 
M,used,up_cjets,5,0.0,2.5,140,200,0,1,1.01856*(1.+0.0027992*x)/(1.+0.00312776*x)+0.0019656498916447163 
M,used,up_cjets,5,0.0,2.5,200,300,0,1,1.01856*(1.+0.0027992*x)/(1.+0.00312776*x)+0.00071396015118807554 
M,used,up_cjets,5,0.0,2.5,300,600,0,1,1.01856*(1.+0.0027992*x)/(1.+0.00312776*x)+0.00063863443210721016 
M,used,up_cjets,5,0.0,2.5,600,1000,0,1,1.01856*(1.+0.0027992*x)/(1.+0.00312776*x)+0.0051591852679848671 
M,used,up_dmux,4,0.0,2.5,20,30,0,1,1.01856*(1.+0.0027992*x)/(1.+0.00312776*x)+0.00044436316238716245 
M,used,up_dmux,4,0.0,2.5,30,50,0,1,1.01856*(1.+0.0027992*x)/(1.+0.00312776*x)+0.0002085656306007877 
M,used,up_dmux,4,0.0,2.5,50,70,0,1,1.01856*(1.+0.0027992*x)/(1.+0.00312776*x)+0.00020074463100172579 
M,used,up_dmux,4,0.0,2.5,70,100,0,1,1.01856*(1.+0.0027992*x)/(1.+0.00312776*x)+0.00044115405762568116 
M,used,up_dmux,4,0.0,2.5,100,140,0,1,1.01856*(1.+0.0027992*x)/(1.+0.00312776*x)+0.0028690511826425791 
M,used,up_dmux,4,0.0,2.5,140,200,0,1,1.01856*(1.+0.0027992*x)/(1.+0.00312776*x)+0.004801665898412466 
M,used,up_dmux,4,0.0,2.5,200,300,0,1,1.01856*(1.+0.0027992*x)/(1.+0.00312776*x)+0.0028348485939204693 
M,used,up_dmux,4,0.0,2.5,300,600,0,1,1.01856*(1.+0.0027992*x)/(1.+0.00312776*x)+0.0014287278754636645 
M,used,up_dmux,4,0.0,2.5,600,1000,0,1,1.01856*(1.+0.0027992*x)/(1.+0.00312776*x)+0.0013790472876280546 
M,used,up_dmux,5,0.0,2.5,20,30,0,1,1.01856*(1.+0.0027992*x)/(1.+0.00312776*x)+0.00014812104927841574 
M,used,up_dmux,5,0.0,2.5,30,50,0,1,1.01856*(1.+0.0027992*x)/(1.+0.00312776*x)+6.9521876866929233e-05 
M,used,up_dmux,5,0.0,2.5,50,70,0,1,1.01856*(1.+0.0027992*x)/(1.+0.00312776*x)+6.6914879425894469e-05 
M,used,up_dmux,5,0.0,2.5,70,100,0,1,1.01856*(1.+0.0027992*x)/(1.+0.00312776*x)+0.00014705135254189372 
M,used,up_dmux,5,0.0,2.5,100,140,0,1,1.01856*(1.+0.0027992*x)/(1.+0.00312776*x)+0.00095635041361674666 
M,used,up_dmux,5,0.0,2.5,140,200,0,1,1.01856*(1.+0.0027992*x)/(1.+0.00312776*x)+0.0016005552606657147 
M,used,up_dmux,5,0.0,2.5,200,300,0,1,1.01856*(1.+0.0027992*x)/(1.+0.00312776*x)+0.00094494957011193037 
M,used,up_dmux,5,0.0,2.5,300,600,0,1,1.01856*(1.+0.0027992*x)/(1.+0.00312776*x)+0.00047624262515455484 
M,used,up_dmux,5,0.0,2.5,600,1000,0,1,1.01856*(1.+0.0027992*x)/(1.+0.00312776*x)+0.00045968242920935154 
M,used,up_gluonsplitting,4,0.0,2.5,20,30,0,1,1.01856*(1.+0.0027992*x)/(1.+0.00312776*x)+0.0064882626757025719 
M,used,up_gluonsplitting,4,0.0,2.5,30,50,0,1,1.01856*(1.+0.0027992*x)/(1.+0.00312776*x)+0.0030495133250951767 
M,used,up_gluonsplitting,4,0.0,2.5,50,70,0,1,1.01856*(1.+0.0027992*x)/(1.+0.00312776*x)+0.0055044484324753284 
M,used,up_gluonsplitting,4,0.0,2.5,70,100,0,1,1.01856*(1.+0.0027992*x)/(1.+0.00312776*x)+0.0033766902051866055 
M,used,up_gluonsplitting,4,0.0,2.5,100,140,0,1,1.01856*(1.+0.0027992*x)/(1.+0.00312776*x)+0.025224983692169189 
M,used,up_gluonsplitting,4,0.0,2.5,140,200,0,1,1.01856*(1.+0.0027992*x)/(1.+0.00312776*x)+0.044214155524969101 
M,used,up_gluonsplitting,4,0.0,2.5,200,300,0,1,1.01856*(1.+0.0027992*x)/(1.+0.00312776*x)+0.011868152767419815 
M,used,up_gluonsplitting,4,0.0,2.5,300,600,0,1,1.01856*(1.+0.0027992*x)/(1.+0.00312776*x)+0.015179429203271866 
M,used,up_gluonsplitting,4,0.0,2.5,600,1000,0,1,1.01856*(1.+0.0027992*x)/(1.+0.00312776*x)+0.065273106098175049 
M,used,up_gluonsplitting,5,0.0,2.5,20,30,0,1,1.01856*(1.+0.0027992*x)/(1.+0.00312776*x)+0.0021627543028444052 
M,used,up_gluonsplitting,5,0.0,2.5,30,50,0,1,1.01856*(1.+0.0027992*x)/(1.+0.00312776*x)+0.0010165044805034995 
M,used,up_gluonsplitting,5,0.0,2.5,50,70,0,1,1.01856*(1.+0.0027992*x)/(1.+0.00312776*x)+0.0018348161829635501 
M,used,up_gluonsplitting,5,0.0,2.5,70,100,0,1,1.01856*(1.+0.0027992*x)/(1.+0.00312776*x)+0.0011255634017288685 
M,used,up_gluonsplitting,5,0.0,2.5,100,140,0,1,1.01856*(1.+0.0027992*x)/(1.+0.00312776*x)+0.0084083275869488716 
M,used,up_gluonsplitting,5,0.0,2.5,140,200,0,1,1.01856*(1.+0.0027992*x)/(1.+0.00312776*x)+0.014738052152097225 
M,used,up_gluonsplitting,5,0.0,2.5,200,300,0,1,1.01856*(1.+0.0027992*x)/(1.+0.00312776*x)+0.0039560510776937008 
M,used,up_gluonsplitting,5,0.0,2.5,300,600,0,1,1.01856*(1.+0.0027992*x)/(1.+0.00312776*x)+0.0050598098896443844 
M,used,up_gluonsplitting,5,0.0,2.5,600,1000,0,1,1.01856*(1.+0.0027992*x)/(1.+0.00312776*x)+0.021757703274488449 
M,used,up_jes,4,0.0,2.5,20,30,0,1,1.01856*(1.+0.0027992*x)/(1.+0.00312776*x)+0.016795046627521515 
M,used,up_jes,4,0.0,2.5,30,50,0,1,1.01856*(1.+0.0027992*x)/(1.+0.00312776*x)+0.0001889390405267477 
M,used,up_jes,4,0.0,2.5,50,70,0,1,1.01856*(1.+0.0027992*x)/(1.+0.00312776*x)+0.0012447512708604336 
M,used,up_jes,4,0.0,2.5,70,100,0,1,1.01856*(1.+0.0027992*x)/(1.+0.00312776*x)+0.0045854528434574604 
M,used,up_jes,4,0.0,2.5,100,140,0,1,1.01856*(1.+0.0027992*x)/(1.+0.00312776*x)+0.0084315007552504539 
M,used,up_jes,4,0.0,2.5,140,200,0,1,1.01856*(1.+0.0027992*x)/(1.+0.00312776*x)+0.0064145643264055252 
M,used,up_jes,4,0.0,2.5,200,300,0,1,1.01856*(1.+0.0027992*x)/(1.+0.00312776*x)+0.0018878529081121087 
M,used,up_jes,4,0.0,2.5,300,600,0,1,1.01856*(1.+0.0027992*x)/(1.+0.00312776*x)+0.032286852598190308 
M,used,up_jes,4,0.0,2.5,600,1000,0,1,1.01856*(1.+0.0027992*x)/(1.+0.00312776*x)+0.044573105871677399 
M,used,up_jes,5,0.0,2.5,20,30,0,1,1.01856*(1.+0.0027992*x)/(1.+0.00312776*x)+0.0055983485653996468 
M,used,up_jes,5,0.0,2.5,30,50,0,1,1.01856*(1.+0.0027992*x)/(1.+0.00312776*x)+6.2979677750263363e-05 
M,used,up_jes,5,0.0,2.5,50,70,0,1,1.01856*(1.+0.0027992*x)/(1.+0.00312776*x)+0.00041491709998808801 
M,used,up_jes,5,0.0,2.5,70,100,0,1,1.01856*(1.+0.0027992*x)/(1.+0.00312776*x)+0.0015284842811524868 
M,used,up_jes,5,0.0,2.5,100,140,0,1,1.01856*(1.+0.0027992*x)/(1.+0.00312776*x)+0.0028105003293603659 
M,used,up_jes,5,0.0,2.5,140,200,0,1,1.01856*(1.+0.0027992*x)/(1.+0.00312776*x)+0.0021381881088018417 
M,used,up_jes,5,0.0,2.5,200,300,0,1,1.01856*(1.+0.0027992*x)/(1.+0.00312776*x)+0.00062928430270403624 
M,used,up_jes,5,0.0,2.5,300,600,0,1,1.01856*(1.+0.0027992*x)/(1.+0.00312776*x)+0.010762283578515053 
M,used,up_jes,5,0.0,2.5,600,1000,0,1,1.01856*(1.+0.0027992*x)/(1.+0.00312776*x)+0.0148577019572258 
M,used,up_jetaway,4,0.0,2.5,20,30,0,1,1.01856*(1.+0.0027992*x)/(1.+0.00312776*x)+0.020918481051921844 
M,used,up_jetaway,4,0.0,2.5,30,50,0,1,1.01856*(1.+0.0027992*x)/(1.+0.00312776*x)+0.014862634241580963 
M,used,up_jetaway,4,0.0,2.5,50,70,0,1,1.01856*(1.+0.0027992*x)/(1.+0.00312776*x)+0.010367549955844879 
M,used,up_jetaway,4,0.0,2.5,70,100,0,1,1.01856*(1.+0.0027992*x)/(1.+0.00312776*x)+0.036177884787321091 
M,used,up_jetaway,4,0.0,2.5,100,140,0,1,1.01856*(1.+0.0027992*x)/(1.+0.00312776*x)+0.045347586274147034 
M,used,up_jetaway,4,0.0,2.5,140,200,0,1,1.01856*(1.+0.0027992*x)/(1.+0.00312776*x)+0.091409429907798767 
M,used,up_jetaway,4,0.0,2.5,200,300,0,1,1.01856*(1.+0.0027992*x)/(1.+0.00312776*x)+0.020725797861814499 
M,used,up_jetaway,4,0.0,2.5,300,600,0,1,1.01856*(1.+0.0027992*x)/(1.+0.00312776*x)+0.030121460556983948 
M,used,up_jetaway,4,0.0,2.5,600,1000,0,1,1.01856*(1.+0.0027992*x)/(1.+0.00312776*x)+0.14761148393154144 
M,used,up_jetaway,5,0.0,2.5,20,30,0,1,1.01856*(1.+0.0027992*x)/(1.+0.00312776*x)+0.0069728270173072815 
M,used,up_jetaway,5,0.0,2.5,30,50,0,1,1.01856*(1.+0.0027992*x)/(1.+0.00312776*x)+0.004954211413860321 
M,used,up_jetaway,5,0.0,2.5,50,70,0,1,1.01856*(1.+0.0027992*x)/(1.+0.00312776*x)+0.0034558498300611973 
M,used,up_jetaway,5,0.0,2.5,70,100,0,1,1.01856*(1.+0.0027992*x)/(1.+0.00312776*x)+0.012059294618666172 
M,used,up_jetaway,5,0.0,2.5,100,140,0,1,1.01856*(1.+0.0027992*x)/(1.+0.00312776*x)+0.015115862712264061 
M,used,up_jetaway,5,0.0,2.5,140,200,0,1,1.01856*(1.+0.0027992*x)/(1.+0.00312776*x)+0.030469808727502823 
M,used,up_jetaway,5,0.0,2.5,200,300,0,1,1.01856*(1.+0.0027992*x)/(1.+0.00312776*x)+0.0069085992872714996 
M,used,up_jetaway,5,0.0,2.5,300,600,0,1,1.01856*(1.+0.0027992*x)/(1.+0.00312776*x)+0.010040487162768841 
M,used,up_jetaway,5,0.0,2.5,600,1000,0,1,1.01856*(1.+0.0027992*x)/(1.+0.00312776*x)+0.049203827977180481 
M,used,up_ksl,4,0.0,2.5,20,30,0,1,1.01856*(1.+0.0027992*x)/(1.+0.00312776*x)+3.117006053798832e-05 
M,used,up_ksl,4,0.0,2.5,30,50,0,1,1.01856*(1.+0.0027992*x)/(1.+0.00312776*x)+5.2875111578032374e-06 
M,used,up_ksl,4,0.0,2.5,50,70,0,1,1.01856*(1.+0.0027992*x)/(1.+0.00312776*x)+7.2428256316925399e-06 
M,used,up_ksl,4,0.0,2.5,70,100,0,1,1.01856*(1.+0.0027992*x)/(1.+0.00312776*x)+1.3843291526427492e-05 
M,used,up_ksl,4,0.0,2.5,100,140,0,1,1.01856*(1.+0.0027992*x)/(1.+0.00312776*x)+2.4754264813964255e-05 
M,used,up_ksl,4,0.0,2.5,140,200,0,1,1.01856*(1.+0.0027992*x)/(1.+0.00312776*x)+9.7760086646303535e-05 
M,used,up_ksl,4,0.0,2.5,200,300,0,1,1.01856*(1.+0.0027992*x)/(1.+0.00312776*x)+7.8000535722821951e-05 
M,used,up_ksl,4,0.0,2.5,300,600,0,1,1.01856*(1.+0.0027992*x)/(1.+0.00312776*x)+7.424768409691751e-05 
M,used,up_ksl,4,0.0,2.5,600,1000,0,1,1.01856*(1.+0.0027992*x)/(1.+0.00312776*x)+0.00034506438532844186 
M,used,up_ksl,5,0.0,2.5,20,30,0,1,1.01856*(1.+0.0027992*x)/(1.+0.00312776*x)+1.039002017932944e-05 
M,used,up_ksl,5,0.0,2.5,30,50,0,1,1.01856*(1.+0.0027992*x)/(1.+0.00312776*x)+1.7625036434765207e-06 
M,used,up_ksl,5,0.0,2.5,50,70,0,1,1.01856*(1.+0.0027992*x)/(1.+0.00312776*x)+2.4142752863554051e-06 
M,used,up_ksl,5,0.0,2.5,70,100,0,1,1.01856*(1.+0.0027992*x)/(1.+0.00312776*x)+4.6144305088091642e-06 
M,used,up_ksl,5,0.0,2.5,100,140,0,1,1.01856*(1.+0.0027992*x)/(1.+0.00312776*x)+8.2514216046547517e-06 
M,used,up_ksl,5,0.0,2.5,140,200,0,1,1.01856*(1.+0.0027992*x)/(1.+0.00312776*x)+3.2586696761427447e-05 
M,used,up_ksl,5,0.0,2.5,200,300,0,1,1.01856*(1.+0.0027992*x)/(1.+0.00312776*x)+2.6000177967944182e-05 
M,used,up_ksl,5,0.0,2.5,300,600,0,1,1.01856*(1.+0.0027992*x)/(1.+0.00312776*x)+2.4749228032305837e-05 
M,used,up_ksl,5,0.0,2.5,600,1000,0,1,1.01856*(1.+0.0027992*x)/(1.+0.00312776*x)+0.0001150214666267857 
M,used,up_l2c,4,0.0,2.5,20,30,0,1,1.01856*(1.+0.0027992*x)/(1.+0.00312776*x)+0.009395454078912735 
M,used,up_l2c,4,0.0,2.5,30,50,0,1,1.01856*(1.+0.0027992*x)/(1.+0.00312776*x)+0.0069215269759297371 
M,used,up_l2c,4,0.0,2.5,50,70,0,1,1.01856*(1.+0.0027992*x)/(1.+0.00312776*x)+0.0076734330505132675 
M,used,up_l2c,4,0.0,2.5,70,100,0,1,1.01856*(1.+0.0027992*x)/(1.+0.00312776*x)+0.013328648172318935 
M,used,up_l2c,4,0.0,2.5,100,140,0,1,1.01856*(1.+0.0027992*x)/(1.+0.00312776*x)+0.079689525067806244 
M,used,up_l2c,4,0.0,2.5,140,200,0,1,1.01856*(1.+0.0027992*x)/(1.+0.00312776*x)+0.1393885612487793 
M,used,up_l2c,4,0.0,2.5,200,300,0,1,1.01856*(1.+0.0027992*x)/(1.+0.00312776*x)+0.053830035030841827 
M,used,up_l2c,4,0.0,2.5,300,600,0,1,1.01856*(1.+0.0027992*x)/(1.+0.00312776*x)+0.036952275782823563 
M,used,up_l2c,4,0.0,2.5,600,1000,0,1,1.01856*(1.+0.0027992*x)/(1.+0.00312776*x)+0.13346494734287262 
M,used,up_l2c,5,0.0,2.5,20,30,0,1,1.01856*(1.+0.0027992*x)/(1.+0.00312776*x)+0.003131818026304245 
M,used,up_l2c,5,0.0,2.5,30,50,0,1,1.01856*(1.+0.0027992*x)/(1.+0.00312776*x)+0.0023071756586432457 
M,used,up_l2c,5,0.0,2.5,50,70,0,1,1.01856*(1.+0.0027992*x)/(1.+0.00312776*x)+0.0025578110944479704 
M,used,up_l2c,5,0.0,2.5,70,100,0,1,1.01856*(1.+0.0027992*x)/(1.+0.00312776*x)+0.0044428827241063118 
M,used,up_l2c,5,0.0,2.5,100,140,0,1,1.01856*(1.+0.0027992*x)/(1.+0.00312776*x)+0.026563175022602081 
M,used,up_l2c,5,0.0,2.5,140,200,0,1,1.01856*(1.+0.0027992*x)/(1.+0.00312776*x)+0.046462856233119965 
M,used,up_l2c,5,0.0,2.5,200,300,0,1,1.01856*(1.+0.0027992*x)/(1.+0.00312776*x)+0.017943345010280609 
M,used,up_l2c,5,0.0,2.5,300,600,0,1,1.01856*(1.+0.0027992*x)/(1.+0.00312776*x)+0.012317425571382046 
M,used,up_l2c,5,0.0,2.5,600,1000,0,1,1.01856*(1.+0.0027992*x)/(1.+0.00312776*x)+0.044488314539194107 
M,used,up_ltothers,4,0.0,2.5,20,30,0,1,1.01856*(1.+0.0027992*x)/(1.+0.00312776*x)+0.023529760539531708 
M,used,up_ltothers,4,0.0,2.5,30,50,0,1,1.01856*(1.+0.0027992*x)/(1.+0.00312776*x)+0.012071600183844566 
M,used,up_ltothers,4,0.0,2.5,50,70,0,1,1.01856*(1.+0.0027992*x)/(1.+0.00312776*x)+0.011727886274456978 
M,used,up_ltothers,4,0.0,2.5,70,100,0,1,1.01856*(1.+0.0027992*x)/(1.+0.00312776*x)+0.021077455952763557 
M,used,up_ltothers,4,0.0,2.5,100,140,0,1,1.01856*(1.+0.0027992*x)/(1.+0.00312776*x)+0.013877752237021923 
M,used,up_ltothers,4,0.0,2.5,140,200,0,1,1.01856*(1.+0.0027992*x)/(1.+0.00312776*x)+0.017085356637835503 
M,used,up_ltothers,4,0.0,2.5,200,300,0,1,1.01856*(1.+0.0027992*x)/(1.+0.00312776*x)+0.071920141577720642 
M,used,up_ltothers,4,0.0,2.5,300,600,0,1,1.01856*(1.+0.0027992*x)/(1.+0.00312776*x)+0.15567117929458618 
M,used,up_ltothers,4,0.0,2.5,600,1000,0,1,1.01856*(1.+0.0027992*x)/(1.+0.00312776*x)+0.065006986260414124 
M,used,up_ltothers,5,0.0,2.5,20,30,0,1,1.01856*(1.+0.0027992*x)/(1.+0.00312776*x)+0.0078432532027363777 
M,used,up_ltothers,5,0.0,2.5,30,50,0,1,1.01856*(1.+0.0027992*x)/(1.+0.00312776*x)+0.0040238667279481888 
M,used,up_ltothers,5,0.0,2.5,50,70,0,1,1.01856*(1.+0.0027992*x)/(1.+0.00312776*x)+0.0039092954248189926 
M,used,up_ltothers,5,0.0,2.5,70,100,0,1,1.01856*(1.+0.0027992*x)/(1.+0.00312776*x)+0.0070258188061416149 
M,used,up_ltothers,5,0.0,2.5,100,140,0,1,1.01856*(1.+0.0027992*x)/(1.+0.00312776*x)+0.004625917412340641 
M,used,up_ltothers,5,0.0,2.5,140,200,0,1,1.01856*(1.+0.0027992*x)/(1.+0.00312776*x)+0.00569511903449893 
M,used,up_ltothers,5,0.0,2.5,200,300,0,1,1.01856*(1.+0.0027992*x)/(1.+0.00312776*x)+0.023973381146788597 
M,used,up_ltothers,5,0.0,2.5,300,600,0,1,1.01856*(1.+0.0027992*x)/(1.+0.00312776*x)+0.051890391856431961 
M,used,up_ltothers,5,0.0,2.5,600,1000,0,1,1.01856*(1.+0.0027992*x)/(1.+0.00312776*x)+0.021668996661901474 
M,used,up_mudr,4,0.0,2.5,20,30,0,1,1.01856*(1.+0.0027992*x)/(1.+0.00312776*x)+0.027055799961090088 
M,used,up_mudr,4,0.0,2.5,30,50,0,1,1.01856*(1.+0.0027992*x)/(1.+0.00312776*x)+-0.00031638742075301707 
M,used,up_mudr,4,0.0,2.5,50,70,0,1,1.01856*(1.+0.0027992*x)/(1.+0.00312776*x)+-0.0060004969127476215 
M,used,up_mudr,4,0.0,2.5,70,100,0,1,1.01856*(1.+0.0027992*x)/(1.+0.00312776*x)+-0.0090094609186053276 
M,used,up_mudr,4,0.0,2.5,100,140,0,1,1.01856*(1.+0.0027992*x)/(1.+0.00312776*x)+-0.0051846010610461235 
M,used,up_mudr,4,0.0,2.5,140,200,0,1,1.01856*(1.+0.0027992*x)/(1.+0.00312776*x)+-0.00020785146625712514 
M,used,up_mudr,4,0.0,2.5,200,300,0,1,1.01856*(1.+0.0027992*x)/(1.+0.00312776*x)+0.0006031357916072011 
M,used,up_mudr,4,0.0,2.5,300,600,0,1,1.01856*(1.+0.0027992*x)/(1.+0.00312776*x)+-0.0049962662160396576 
M,used,up_mudr,4,0.0,2.5,600,1000,0,1,1.01856*(1.+0.0027992*x)/(1.+0.00312776*x)+0.054409027099609375 
M,used,up_mudr,5,0.0,2.5,20,30,0,1,1.01856*(1.+0.0027992*x)/(1.+0.00312776*x)+0.0090185999870300293 
M,used,up_mudr,5,0.0,2.5,30,50,0,1,1.01856*(1.+0.0027992*x)/(1.+0.00312776*x)+-0.00010546247358433902 
M,used,up_mudr,5,0.0,2.5,50,70,0,1,1.01856*(1.+0.0027992*x)/(1.+0.00312776*x)+-0.0020001656375825405 
M,used,up_mudr,5,0.0,2.5,70,100,0,1,1.01856*(1.+0.0027992*x)/(1.+0.00312776*x)+-0.0030031537171453238 
M,used,up_mudr,5,0.0,2.5,100,140,0,1,1.01856*(1.+0.0027992*x)/(1.+0.00312776*x)+-0.0017282003536820412 
M,used,up_mudr,5,0.0,2.5,140,200,0,1,1.01856*(1.+0.0027992*x)/(1.+0.00312776*x)+-6.928382208570838e-05 
M,used,up_mudr,5,0.0,2.5,200,300,0,1,1.01856*(1.+0.0027992*x)/(1.+0.00312776*x)+0.00020104525901842862 
M,used,up_mudr,5,0.0,2.5,300,600,0,1,1.01856*(1.+0.0027992*x)/(1.+0.00312776*x)+-0.0016654219944030046 
M,used,up_mudr,5,0.0,2.5,600,1000,0,1,1.01856*(1.+0.0027992*x)/(1.+0.00312776*x)+0.018136342987418175 
M,used,up_mupt,4,0.0,2.5,20,30,0,1,1.01856*(1.+0.0027992*x)/(1.+0.00312776*x)+-0.03887379914522171 
M,used,up_mupt,4,0.0,2.5,30,50,0,1,1.01856*(1.+0.0027992*x)/(1.+0.00312776*x)+-0.011471113190054893 
M,used,up_mupt,4,0.0,2.5,50,70,0,1,1.01856*(1.+0.0027992*x)/(1.+0.00312776*x)+0.0072527225129306316 
M,used,up_mupt,4,0.0,2.5,70,100,0,1,1.01856*(1.+0.0027992*x)/(1.+0.00312776*x)+0.004690773319453001 
M,used,up_mupt,4,0.0,2.5,100,140,0,1,1.01856*(1.+0.0027992*x)/(1.+0.00312776*x)+-0.0095449890941381454 
M,used,up_mupt,4,0.0,2.5,140,200,0,1,1.01856*(1.+0.0027992*x)/(1.+0.00312776*x)+-0.017053833231329918 
M,used,up_mupt,4,0.0,2.5,200,300,0,1,1.01856*(1.+0.0027992*x)/(1.+0.00312776*x)+-0.0084588080644607544 
M,used,up_mupt,4,0.0,2.5,300,600,0,1,1.01856*(1.+0.0027992*x)/(1.+0.00312776*x)+0.0066717816516757011 
M,used,up_mupt,4,0.0,2.5,600,1000,0,1,1.01856*(1.+0.0027992*x)/(1.+0.00312776*x)+-0.048376277089118958 
M,used,up_mupt,5,0.0,2.5,20,30,0,1,1.01856*(1.+0.0027992*x)/(1.+0.00312776*x)+-0.012957933358848095 
M,used,up_mupt,5,0.0,2.5,30,50,0,1,1.01856*(1.+0.0027992*x)/(1.+0.00312776*x)+-0.0038237045519053936 
M,used,up_mupt,5,0.0,2.5,50,70,0,1,1.01856*(1.+0.0027992*x)/(1.+0.00312776*x)+0.0024175741709768772 
M,used,up_mupt,5,0.0,2.5,70,100,0,1,1.01856*(1.+0.0027992*x)/(1.+0.00312776*x)+0.0015635910676792264 
M,used,up_mupt,5,0.0,2.5,100,140,0,1,1.01856*(1.+0.0027992*x)/(1.+0.00312776*x)+-0.0031816628761589527 
M,used,up_mupt,5,0.0,2.5,140,200,0,1,1.01856*(1.+0.0027992*x)/(1.+0.00312776*x)+-0.0056846109218895435 
M,used,up_mupt,5,0.0,2.5,200,300,0,1,1.01856*(1.+0.0027992*x)/(1.+0.00312776*x)+-0.0028196028433740139 
M,used,up_mupt,5,0.0,2.5,300,600,0,1,1.01856*(1.+0.0027992*x)/(1.+0.00312776*x)+0.0022239272948354483 
M,used,up_mupt,5,0.0,2.5,600,1000,0,1,1.01856*(1.+0.0027992*x)/(1.+0.00312776*x)+-0.016125425696372986 
M,used,up_pileup,4,0.0,2.5,20,30,0,1,1.01856*(1.+0.0027992*x)/(1.+0.00312776*x)+0.014176873490214348 
M,used,up_pileup,4,0.0,2.5,30,50,0,1,1.01856*(1.+0.0027992*x)/(1.+0.00312776*x)+0.012657852843403816 
M,used,up_pileup,4,0.0,2.5,50,70,0,1,1.01856*(1.+0.0027992*x)/(1.+0.00312776*x)+0.0027521324809640646 
M,used,up_pileup,4,0.0,2.5,70,100,0,1,1.01856*(1.+0.0027992*x)/(1.+0.00312776*x)+0.0017552019562572241 
M,used,up_pileup,4,0.0,2.5,100,140,0,1,1.01856*(1.+0.0027992*x)/(1.+0.00312776*x)+-0.00098854536190629005 
M,used,up_pileup,4,0.0,2.5,140,200,0,1,1.01856*(1.+0.0027992*x)/(1.+0.00312776*x)+0.0010067095281556249 
M,used,up_pileup,4,0.0,2.5,200,300,0,1,1.01856*(1.+0.0027992*x)/(1.+0.00312776*x)+0.0097246691584587097 
M,used,up_pileup,4,0.0,2.5,300,600,0,1,1.01856*(1.+0.0027992*x)/(1.+0.00312776*x)+0.03648785874247551 
M,used,up_pileup,4,0.0,2.5,600,1000,0,1,1.01856*(1.+0.0027992*x)/(1.+0.00312776*x)+0.012027937918901443 
M,used,up_pileup,5,0.0,2.5,20,30,0,1,1.01856*(1.+0.0027992*x)/(1.+0.00312776*x)+0.0047256243415176868 
M,used,up_pileup,5,0.0,2.5,30,50,0,1,1.01856*(1.+0.0027992*x)/(1.+0.00312776*x)+0.0042192842811346054 
M,used,up_pileup,5,0.0,2.5,50,70,0,1,1.01856*(1.+0.0027992*x)/(1.+0.00312776*x)+0.00091737747425213456 
M,used,up_pileup,5,0.0,2.5,70,100,0,1,1.01856*(1.+0.0027992*x)/(1.+0.00312776*x)+0.00058506731875240803 
M,used,up_pileup,5,0.0,2.5,100,140,0,1,1.01856*(1.+0.0027992*x)/(1.+0.00312776*x)+-0.00032951514003798366 
M,used,up_pileup,5,0.0,2.5,140,200,0,1,1.01856*(1.+0.0027992*x)/(1.+0.00312776*x)+0.00033556984271854162 
M,used,up_pileup,5,0.0,2.5,200,300,0,1,1.01856*(1.+0.0027992*x)/(1.+0.00312776*x)+0.0032415564637631178 
M,used,up_pileup,5,0.0,2.5,300,600,0,1,1.01856*(1.+0.0027992*x)/(1.+0.00312776*x)+0.012162619270384312 
M,used,up_pileup,5,0.0,2.5,600,1000,0,1,1.01856*(1.+0.0027992*x)/(1.+0.00312776*x)+0.0040093124844133854 
M,used,up_ptrel,4,0.0,2.5,20,30,0,1,1.01856*(1.+0.0027992*x)/(1.+0.00312776*x)+0.026734419167041779 
M,used,up_ptrel,4,0.0,2.5,30,50,0,1,1.01856*(1.+0.0027992*x)/(1.+0.00312776*x)+0.011525318957865238 
M,used,up_ptrel,4,0.0,2.5,50,70,0,1,1.01856*(1.+0.0027992*x)/(1.+0.00312776*x)+0.027959510684013367 
M,used,up_ptrel,4,0.0,2.5,70,100,0,1,1.01856*(1.+0.0027992*x)/(1.+0.00312776*x)+0.024018846452236176 
M,used,up_ptrel,4,0.0,2.5,100,140,0,1,1.01856*(1.+0.0027992*x)/(1.+0.00312776*x)+0.01324130967259407 
M,used,up_ptrel,4,0.0,2.5,140,200,0,1,1.01856*(1.+0.0027992*x)/(1.+0.00312776*x)+0.014822907745838165 
M,used,up_ptrel,4,0.0,2.5,200,300,0,1,1.01856*(1.+0.0027992*x)/(1.+0.00312776*x)+0.011211710050702095 
M,used,up_ptrel,4,0.0,2.5,300,600,0,1,1.01856*(1.+0.0027992*x)/(1.+0.00312776*x)+0.016569864004850388 
M,used,up_ptrel,4,0.0,2.5,600,1000,0,1,1.01856*(1.+0.0027992*x)/(1.+0.00312776*x)+0.036027204245328903 
M,used,up_ptrel,5,0.0,2.5,20,30,0,1,1.01856*(1.+0.0027992*x)/(1.+0.00312776*x)+0.0089114727452397346 
M,used,up_ptrel,5,0.0,2.5,30,50,0,1,1.01856*(1.+0.0027992*x)/(1.+0.00312776*x)+0.0038417729083448648 
M,used,up_ptrel,5,0.0,2.5,50,70,0,1,1.01856*(1.+0.0027992*x)/(1.+0.00312776*x)+0.0093198372051119804 
M,used,up_ptrel,5,0.0,2.5,70,100,0,1,1.01856*(1.+0.0027992*x)/(1.+0.00312776*x)+0.0080062821507453918 
M,used,up_ptrel,5,0.0,2.5,100,140,0,1,1.01856*(1.+0.0027992*x)/(1.+0.00312776*x)+0.0044137700460851192 
M,used,up_ptrel,5,0.0,2.5,140,200,0,1,1.01856*(1.+0.0027992*x)/(1.+0.00312776*x)+0.0049409694038331509 
M,used,up_ptrel,5,0.0,2.5,200,300,0,1,1.01856*(1.+0.0027992*x)/(1.+0.00312776*x)+0.0037372366059571505 
M,used,up_ptrel,5,0.0,2.5,300,600,0,1,1.01856*(1.+0.0027992*x)/(1.+0.00312776*x)+0.0055232876911759377 
M,used,up_ptrel,5,0.0,2.5,600,1000,0,1,1.01856*(1.+0.0027992*x)/(1.+0.00312776*x)+0.012009068392217159 
M,used,up_statistic,4,0.0,2.5,20,30,0,1,1.01856*(1.+0.0027992*x)/(1.+0.00312776*x)+0.027191894128918648 
M,used,up_statistic,4,0.0,2.5,30,50,0,1,1.01856*(1.+0.0027992*x)/(1.+0.00312776*x)+0.022709939628839493 
M,used,up_statistic,4,0.0,2.5,50,70,0,1,1.01856*(1.+0.0027992*x)/(1.+0.00312776*x)+0.016490194946527481 
M,used,up_statistic,4,0.0,2.5,70,100,0,1,1.01856*(1.+0.0027992*x)/(1.+0.00312776*x)+0.018770541995763779 
M,used,up_statistic,4,0.0,2.5,100,140,0,1,1.01856*(1.+0.0027992*x)/(1.+0.00312776*x)+0.024550344794988632 
M,used,up_statistic,4,0.0,2.5,140,200,0,1,1.01856*(1.+0.0027992*x)/(1.+0.00312776*x)+0.031578376889228821 
M,used,up_statistic,4,0.0,2.5,200,300,0,1,1.01856*(1.+0.0027992*x)/(1.+0.00312776*x)+0.055563434958457947 
M,used,up_statistic,4,0.0,2.5,300,600,0,1,1.01856*(1.+0.0027992*x)/(1.+0.00312776*x)+0.059191741049289703 
M,used,up_statistic,4,0.0,2.5,600,1000,0,1,1.01856*(1.+0.0027992*x)/(1.+0.00312776*x)+0.21782116591930389 
M,used,up_statistic,5,0.0,2.5,20,30,0,1,1.01856*(1.+0.0027992*x)/(1.+0.00312776*x)+0.0090639647096395493 
M,used,up_statistic,5,0.0,2.5,30,50,0,1,1.01856*(1.+0.0027992*x)/(1.+0.00312776*x)+0.0075699798762798309 
M,used,up_statistic,5,0.0,2.5,50,70,0,1,1.01856*(1.+0.0027992*x)/(1.+0.00312776*x)+0.0054967319592833519 
M,used,up_statistic,5,0.0,2.5,70,100,0,1,1.01856*(1.+0.0027992*x)/(1.+0.00312776*x)+0.0062568471767008305 
M,used,up_statistic,5,0.0,2.5,100,140,0,1,1.01856*(1.+0.0027992*x)/(1.+0.00312776*x)+0.0081834485754370689 
M,used,up_statistic,5,0.0,2.5,140,200,0,1,1.01856*(1.+0.0027992*x)/(1.+0.00312776*x)+0.010526125319302082 
M,used,up_statistic,5,0.0,2.5,200,300,0,1,1.01856*(1.+0.0027992*x)/(1.+0.00312776*x)+0.018521144986152649 
M,used,up_statistic,5,0.0,2.5,300,600,0,1,1.01856*(1.+0.0027992*x)/(1.+0.00312776*x)+0.019730580970644951 
M,used,up_statistic,5,0.0,2.5,600,1000,0,1,1.01856*(1.+0.0027992*x)/(1.+0.00312776*x)+0.072607055306434631 
